id	round	lens	title	element	test	matched_reference	would_refute	cost
R1-nmd-core-1	R1	nmd-core	The poly(A) signal AAUAAA in the proximal 3'UTR is read as a stop-proximal PABP cue and suppresses the NMD verdict	The hexamer AAUAAA (and its principal variant AUUAAA) implanted in the 3'UTR half of the stop window, at fixed offsets +30/+60/+120/+240 nt downstream of the termination codon.	Extend the existing single-base harness (analysis_plans/measure_position_bank.py) from a 1-nt substitution to a 6-nt block substitution in the STOP branch, recomputing channel 5 over the filled span with the already-validated rolling_gc reimplementation (no-op floor 9.5e-7). Population: isoforms whose stop-window downstream half is FULLY FILLED (frame channels 6-8 on to the window edge, i.e. 3'UTR >= 500 nt at W=1000), so the model has no zero-padding 'transcript ends here' cue and cannot get 3'-end proximity for free; additionally exclude any isoform with a natural AAUAAA/AUUAAA in the implant footprint, and any footprint overlapping a channel-4 junction mark (overwriting a junction deletes an EJC, a catastrophic confound). Arms, all 6 nt at identical positions: (1) AAUAAA; (2) AUUAAA; (3-6) four permutations of the identical multiset {A,A,A,A,A,U} that are not functional signals -- AAAAUA, AAAUAA, UAAAAA, AAAAAU; (7) no-op re-implant of the observed hexamer as the method floor. Run the full offset panel plus a mirrored in-CDS panel upstream of the stop, all at the same offset mod 3. Replicate at a narrower stop-window checkpoint (stop500) where the fully-filled requirement admits a much larger eligible population.	Three references, per trap 1. (a) Method floor: the no-op re-implant, which must return ~1e-6. (b) Other positions: the four downstream offsets plus the in-CDS mirror, all frame-offset-matched, so a hexamer preference that exists everywhere is visible as such. (c) Matched population: the four permutation arms have the IDENTICAL mononucleotide multiset and contain zero G and zero C, so the G+C indicator that channel 5 is computed from is identically zero across every arm at every position -- channel 5 is bit-identical, not merely GC-balanced. This is the block generalisation of the A-vs-T operator the brief already identified as the only clean single-base operator.	A null or sign-inconsistent per-isoform distribution (median Delta inside the control envelope for most isoforms) refutes it, and is a real result: it says the model's 3'UTR-length sensitivity is carried entirely by junction count and padding extent, not by the polyadenylation signal. Equally refuting: an effect of the same magnitude in the in-CDS mirror panel, or an effect that disappears once padded windows are excluded (which would mean the original signal was the padding cue, not the hexamer). A positive effect for the non-functional permutations of the same magnitude refutes motif identity in favour of A-richness.	hours
R1-nmd-core-2	R1	nmd-core	A class-II AU-rich element downstream of the stop increases NMD susceptibility, and does so most where the EJC branch is silent	The nonamer UUAUUUAUU -- the canonical class-II ARE core, an AUUUA pentamer in a U-rich context -- implanted in the 3'UTR half of the stop window.	Same 9-nt block-implant harness in the STOP branch, fully-filled downstream windows only, junction-free footprints, no natural AUUUA in the footprint. Arms at identical positions: (1) UUAUUUAUU (one AUUUA pentamer); (2) an isolated-pentamer arm to test context grading; (3-6) four permutations of the identical multiset {U x 6, A x 3} that contain NO AUUUA pentamer -- e.g. UUUUAAUUU, AAUUUUUUA, UAUUUUUAU, and one further verified-clean arrangement; (7) no-op floor. Offsets +30/+60/+120/+240 downstream, frame-offset-matched, plus the in-CDS mirror. Stratify every readout by mechanism class from results_interp_all/mechanism_classes.tsv (PTC+, PTC- with upstream PTC-bearing ORF, PTC- no trigger, no reference-AUG anchor), because the mechanism-class interaction is a sharper falsification target than the marginal effect. Apply the bank's created-motif exclusions (created ATG, created in-frame stop) identically across ALL arms -- drop an isoform from every arm if any arm triggers an exclusion, or the two partitions stop being matched, which is trap 3's lesson generalised from positions to arrangements.	(a) Method floor: no-op re-implant. (b) Other positions: the offset panel and the in-CDS mirror. (c) Matched population: the control arms are permutations of the SAME nine letters, all A and U, so the G+C indicator is identically zero across all arms and channel 5 is bit-identical everywhere. This is the specific reason this design is worth running: an ARE is the most composition-extreme element in the transcriptome, an AU-vs-GC operator would be hopeless here (the brief reports 100% same-signed controls with |t| median 5.79 under a G-vs-notG operator), and permuting within a pure A/U multiset is the only way to ask about pentamer identity with the composition channel held exactly fixed. A further matched population: the same implant in isoforms whose slot-0 stop has no downstream junction, where there is no EJC-dependent verdict for an ARE to add to.	A per-isoform distribution centred inside the control envelope refutes it. So does a positive effect that is flat across mechanism classes -- if an ARE moves PTC+ isoforms (already at 70% NMD+, logit near ceiling) as much as no-trigger isoforms, the effect is not interacting with the decay mechanism and is more likely an artifact of implanting a homopolymeric U-run. So does an effect present at every offset including inside the CDS. A negative here is informative and publishable in the discussion: it says the model's NMD signal is EJC-geometric and contains no generic 3'UTR-instability component, which sharpens what the model can be claimed to be a model of.	hours
R1-nmd-core-3	R1	nmd-core	G-tract / G-quadruplex potential in the proximal 3'UTR increases NMD susceptibility, tested with an operator that holds the GC channel exactly fixed	A canonical quadruplex-forming tract, (GGGAAAA)3GGG (24 nt, four G3 runs with A-rich loops), implanted downstream of the termination codon; and the same element in the 5'UTR side of the ATG window as a second, differently-signed arm.	Block implant of 24 nt in the STOP branch (and separately in the ATG branch upstream region), fully-filled windows, junction-free footprints, no natural G3N1-7G3N1-7G3N1-7G3 in the footprint. THREE arms, chosen because they fail in orthogonal ways and no single control can hold everything fixed at once: (1) target (GGGAAAA)3GGG; (2) the G->C mirror (CCCAAAA)3CCC, which is channel-5 EXACT -- the G+C indicator is bit-identical position by position, since compute_rolling_gc sums the G and C rows -- but differs in G count, and does not form a quadruplex at physiological pH; (3) a permutation of the target's own multiset (G x 12, A x 12) with maximum G-run length 2, which holds G count, C count and length exactly and perturbs channel 5 only at block-interior positions, by an amount that is computed and reported per arrangement. An effect that survives BOTH controls is not explicable by either failure mode. Offsets +30/+60/+120/+240, frame-offset-matched, plus the in-CDS mirror. Stratify by the isoform's own downstream GC quartile, to check the effect is not confined to already-GC-rich backgrounds where a marginal G4 is not the differentiator.	(a) Method floor: no-op re-implant. (b) Other positions: the offset panel, the in-CDS mirror, and the 5'UTR arm. (c) Matched population: the G->C mirror is the block form of the G-vs-C operator the brief names as one of only two operators with a near-null reference, and here it is exact rather than approximate -- channel 5 is bit-identical between arms at every position. The permutation arm supplies the G-count match the mirror cannot. Reporting both is the honest statement that no single arm holds GC pattern and G count simultaneously at this composition.	An effect on the mirror contrast that is not reproduced on the G-count-matched permutation contrast refutes the structural reading -- it would mean the model prefers G over C, which the brief already warns is confidently non-null at every position under a G-vs-notG operator. An effect present only in the top downstream-GC quartile refutes generality. A flat profile across offsets, or an equal-magnitude effect in the in-CDS mirror, refutes localisation. A 5'UTR arm with the same sign and magnitude as the 3'UTR arm argues the model has one generic G-tract response rather than a termination-context-specific one.	day
R1-nmd-core-4	R1	nmd-core	DRACH-forming arrangements of a fixed nucleotide multiset separate from non-DRACH arrangements, with a metagene peak just downstream of the stop	The m6A consensus DRACH, instantiated as GGACU, contrasted against non-DRACH arrangements of the identical multiset {G,G,A,C,U} (e.g. GGCAU), implanted at a positional panel spanning the stop codon.	Enumerate arrangements of {G,G,A,C,U} (60 distinct strings), partition into DRACH-matching ([AGU][AG]AC[ACU]) and non-matching, and implant every arrangement at each of a frame-offset-matched panel: -60, -30, +15, +30, +60, +120, +240 relative to the stop-codon centre. Subsample to ~20 arrangements per partition and ~500 isoforms if the full grid is too large. Fully-filled windows, junction-free footprints, no natural DRACH in the footprint. Created-motif exclusions applied at the ISOFORM level across all arrangements jointly -- drop the isoform from every arm if any single arrangement triggers an exclusion, otherwise the partitions cease to be matched. For each arrangement compute the induced max |delta channel 5| against the background and carry it as a per-arrangement covariate.	(a) Method floor: no-op re-implant. (b) Other positions: the seven-offset panel, which is also the primary structured prediction. (c) Matched population: the two partitions are arrangements of the IDENTICAL mononucleotide multiset, so total GC is exactly equal and only sub-block positional GC differs; that residual is bounded, computable per arrangement, and entered as a covariate, with the separation re-reported within strata of it. This is the one design in my set where channel-5 invariance is approximate rather than exact, which is stated up front rather than discovered later.	No per-isoform separation between partitions refutes it. A separation with no stop-proximal peak refutes the m6A reading specifically, even if the contrast is non-zero, because a level shift is explicable by the residual GC positional difference. A separation that vanishes once the channel-5 covariate is conditioned on refutes it outright. Honest prior: I expect this to come out negative -- the model has no methylation information and DRACH is degenerate and ubiquitous -- and its main value is as a cheap, composition-controlled calibration of whether the stop branch responds to ANY RBP-motif-scale element, which sets how much to believe H1-H3.	day
R1-nmd-core-5	R1	nmd-core	A CU-rich PTBP1-type element is a PROTECTIVE 3'UTR element, and its opposite sign is the control that validates the whole element family	(CU)10 -- a 20-nt CU-repeat polypyrimidine tract of the kind PTBP1 binds -- implanted downstream of the termination codon, contrasted against (CA)10.	Block implant of 20 nt in the STOP branch, fully-filled windows, junction-free footprints, no natural pyrimidine tract of comparable length in the footprint. Arms at identical positions: (1) (CU)10; (2) (CA)10 as the exactly GC-invariant reference; (3) (CCU)6CC as the graded arm (longer uninterrupted pyrimidine runs bind PTBP1 better, so a larger effect is predicted); (4) a phase-shifted (UC)10 as the phase control; (5) no-op floor. Offsets +30/+60/+120/+240, frame-offset-matched, plus the in-CDS mirror. Stratify by n_downstream_ejc (already a tabular feature, results_4ct_dn/selected_orfs.tsv) into 1 / 2 / >=3, and test the predicted monotone decline in effect magnitude. Finally, run the cross-hypothesis coherence check: if H1-H5 all move the logit the same direction, the correct conclusion is that none of them is an element and the family is measuring implant-versus-background.	(a) Method floor: no-op re-implant. (b) Other positions: the offset panel and the in-CDS mirror. (c) Matched population: (CU)10 and (CA)10 both contain exactly ten C and zero G at the identical alternating positions, so the G+C indicator vector is bit-identical and channel 5 is exactly equal at every window position; the arms differ only in whether the interleaved base is a pyrimidine or a purine, i.e. PTBP1 site versus hnRNP L CA-repeat. Both arms are also biologically real elements rather than one being a scramble, which is a stronger comparison than motif-versus-nonsense. (d) A fourth reference unique to this hypothesis: the SIGN of H2 and H3 measured in the same isoforms under the same harness.	A positive or null per-isoform distribution refutes the protective reading. A flat profile across n_downstream_ejc strata refutes the interaction with mechanism and argues for an artifact. Most importantly, if this element moves the logit in the SAME direction as the ARE and the G-tract, the whole family is refuted at once -- the model is detecting perturbation, not element identity -- and that single result would be worth more than any of the five individual positives.	hours
R1-initiation-1	R1	initiation	Retained-intron donor signature: an unspliced MAG↓GURAGU with no junction mark on it	The 9-mer spanning an unspliced exon–intron boundary, canonically CAG|GTAAGT (5′ss consensus MAG↓GURAGU), present CONTIGUOUSLY in the mature transcript at a position where channel 4 is zero. Its 3′ mirror is the retained intron's acceptor end, YYYYNCAG↓ — a polypyrimidine tract that is visible to this model only here, because in every properly spliced transcript the PPT and branch point have been removed before the model ever sees the sequence.	Permutation-panel implant in encoded space, directly on results_4ct_dn/nmd_orf_data.h5 (no FASTA needed). At a fixed offset o in the stop window's downstream half, overwrite a 6-nt block with each of the 90 distinct permutations of the multiset {G,G,A,A,T,T}; GTAAGT is one of them. Repeat at three codon offsets o, o+1, o+2, and independently in the ATG window's upstream half (5′UTR intron retention). Run all 5 seeds at atg1000_stop1000. Arm 2 (the specificity arm): run the identical 90-permutation panel twice, once with channel 4 off at the implant point (unspliced) and once with channel 4 on (spliced boundary); the statistic is the difference-in-differences of the donor's rank between the two conditions. Arm 3: extend to the 12-nt block CAGGTAAGTA to test the full boundary, and to a 15-nt pyrimidine-run block for the acceptor mirror. Arm 4 (real data): stratify by SQANTI structural category intron_retention from the classification file and predict the implant effect SATURATES (is smaller) in transcripts that already carry a retained intron.	Three references, as trap 1 demands. (i) Method noise floor: the 89 non-donor permutations, which share the EXACT mononucleotide multiset, so channel 5 (rolling GC) is bit-identical across the whole panel and channels 4, 6–8 are untouched — the only varying input is nucleotide ORDER. Trap 2 is eliminated, not matched. (ii) Other positions: the same panel at a second offset ≥100 nt away, and in the opposite window (atg_cnn and stop_cnn are separate modules, so a donor detector living in one and not the other is meaningful). (iii) Matched population: within the panel, compare the donor only against permutations sharing its created-motif status at that offset — creates in-frame stop / creates ATG / creates an MAG — which is trap 3 handled at the level of the individual control string rather than the position.	GTAAGT ranks at the median of its own 90-permutation panel in most isoforms; or its apparent advantage disappears once permutations are stratified on created-in-frame-stop status (meaning the 'effect' was TAA inside GTAAGT, not the donor); or the effect is the same size with channel 4 on as with it off (meaning the model reads a G/T-rich 6-mer, not an unspliced boundary); or the reverse complement ACTTAC scores as high (no strand/orientation specificity).	hours
R1-initiation-2	R1	initiation	The exonic junction shadow: MAG↓G as a sequence-only junction detector redundant with channel 4	The exonic halves of the two splice sites — (C/A)AG at the last three bases of an exon and G at the first base of the next — which are the ONLY splice-site information surviving into a mature mRNA. Because junctions are computed as cumsum(exon_lengths)[-n] (export_rds.R:286), the channel-4 mark sits exactly on the exonic G at donor position −1, so the element straddles window indices j−2 … j+1 as MAG|G.	Arm A (implant): 12 distinct permutations of the multiset {C,A,G,G} implanted at matched offsets in the stop window's downstream half, WITHOUT setting channel 4; per-isoform rank of CAGG. Arm B (redundancy, the decisive one): run the same panel at positions where a real junction mark already exists vs. positions with no mark, in the same isoforms. A genuine sequence-only detector predicts (i) implanting CAGG at an UNMARKED position shifts the logit in the same direction as turning the mark on, and (ii) the shift is sub-additive where the mark is already present. Arm C (capability, held out): ONE retrain with channel 4 DELETED from the tensor and n_downstream_ejc deleted from the tabular block (7 channels, 4 tabular), against a matched control retrain in which channel 4 is position-SHUFFLED within each transcript and n_downstream_ejc is permuted across isoforms — same tensor shape, same parameter count, same optimization, information destroyed. The contrast is delete-vs-shuffle, and the question is how much AUPRC the sequence-only model recovers over the shuffled-information control.	For A/B: the other 11 permutations of {C,A,G,G} — composition-identical, so channel 5 is bit-identical and a general 'more G is better' preference (the failure mode that killed the Kozak +4 result, brief §5) is inside the control set rather than outside it. For C: the shuffled-channel retrain, matched on architecture, dimensionality, data, epochs and seed set, differing only in whether channel 4 carries real positions.	CAGG ranks at chance in its own panel; or the implant effect is identical at marked and unmarked positions (no redundancy structure, so no detector); or the channel-4-deleted model's AUPRC is statistically indistinguishable from the shuffled-channel control, meaning junction position is genuinely not recoverable from this input and the brief's §2 concern stands unmitigated.	retrain
R1-initiation-3	R1	initiation	Junction phase relative to the start codon: exon asymmetry (non-3n boundaries) as an NMD element	The PHASE of an exon–exon junction relative to the ORF's AUG — equivalently, whether the cumulative exon length up to that junction is a multiple of 3. Exon-boundary phase is set entirely by where the splice sites fall, so it is a sequence-determined property; asymmetric (non-3n) exons are the canonical frame-disrupting alternative-splicing class.	The operator is: MOVE a junction mark by ±1, ±2, ±3 nt and touch nothing else. Channels 0–3 and 5 are literally unchanged (no nucleotide is edited, so the rolling GC over the 50-nt support is identical), channels 6–8 are unchanged, and only channel 4's index moves. Compute, per isoform and per junction, Δlogit(shift 1 or 2) − Δlogit(shift 3). Run over all junctions inside the stop window's downstream half and, separately, inside the ATG window. Second, non-perturbative arm: partition real isoforms by the phase of the LAST junction relative to the reference AUG and ask whether the model's residual — after conditioning on n_downstream_ejc, which the brief's branch decomposition says dominates — carries phase information. Conditioning on the EJC count rather than on the annotated ORF keeps this clear of trap 6. Decisive spuriousness control: restrict a subset to junctions whose bases at j, j±1, j±2, j±3 are all identical (homopolymer context), where a 'the model learned mark-on-a-G' explanation predicts no shift effect while the phase explanation still predicts one.	Shift-by-3 is the matched reference and it is matched on exactly the right things: same displacement magnitude class, same 'the mark moved off its original base' status, same number of edited channel-4 entries, phase PRESERVED. Second reference: the same shift protocol applied to junctions in the ATG window upstream of the AUG, where phase relative to the AUG is defined but frame disruption of the main ORF is not the mechanism. Third: the 5 seeds give the method's own noise floor.	Shift-1/2 and shift-3 produce indistinguishable Δlogits — meaning phase is never computed. This is a likely outcome and an informative one: with 32 conv channels per branch, a phase-conditioned junction detector may simply never have been worth a filter, and a clean negative would bound what 'the model learned the EJC rule' can mean (it would have learned existence and count, never symmetry). The result is also refuted as PHASE if the effect vanishes in the homopolymer-context subset, which would reassign it to the identity of the base under the mark.	hours
R1-initiation-4	R1	initiation	Stop-to-junction spacing: measuring the escape distance instead of assuming 50 nt	The spacing, in nucleotides, between an in-frame stop codon and the exonic half-site of the next downstream exon–exon junction. Spacing greater than the escape distance is the element that raises susceptibility; spacing below it is the last-exon/50-nt escape. This is a positional sequence element — it is set by where the terminal splice sites fall relative to where the ORF terminates — and it is NOT in the tabular block: n_downstream_ejc is a COUNT (METHODS.md:401), never a distance.	Restrict to isoforms with exactly ONE junction downstream of the stop inside the stop window. Move that mark to distance d ∈ {6, 10, 14, …, 200} nt downstream of the stop while HOLDING n_downstream_ejc fixed at its real value, so the tabular feature cannot be what responds, and read Δlogit(d) per isoform across the 5 seeds. The architecture makes a sharp prediction: any genuine distance response must be confined to d ≲ 42 nt (the conv2 receptive field) and quantized at ~4 nt (the post-mid_pool jump), and FLAT beyond, because past the receptive field the encoder can only report that a junction exists somewhere in the window. A response extending well past 42 nt falsifies my model of the encoder and points at a channel-5 or pooling-edge artifact instead. Follow-up ONLY if the primary arm shows a breakpoint pinned at the receptive-field limit: one retrain with conv2 widened (k2 = 15, RF = 18 + 14·4 = 74 nt) or dilated, which makes the escape distance MEASURABLE rather than clipped, and the success criterion is the LOCATION of the breakpoint in the distance sweep — a measurement, not a credit assignment, so it is not the branch-Shapley-share criterion killed in §6.	(i) The same sweep with the mark placed UPSTREAM of the stop at matched |d| — upstream junctions are not NMD-triggering, so this reference should be flat or opposite-signed, and it is matched on every channel-editing operation performed. (ii) The same sweep on reference-CDS ORFs with n_downstream_ejc = 0, where no distance effect should exist. (iii) The 5 independent seeds as the method's noise floor; a breakpoint claim requires seed agreement on the LOCATION, not merely on the sign — brief §6 already established that across-member sign agreement alone is worthless (65–92% at meaningless positions).	Δlogit(d) is flat across the whole 6–200 nt sweep (the model reads existence, never distance); or the response is identical for upstream and downstream placements (it reads 'a mark moved', not 'a mark moved relative to the stop'); or the fitted breakpoint sits exactly at 42 nt with no seed-to-seed spread, in which case the number is the receptive field and NOT biology — and the honest conclusion is that the escape distance is not measurable with the current checkpoints, which is why the widened-conv2 retrain is stated as the price of a real number.	days
R1-initiation-5	R1	initiation	hnRNP A1 exonic silencer UAGGGA, tested apart from the stop codon it contains	The hnRNP A1 exonic splicing silencer TAGGGA / TAGGGT and, as a contrast, the SRSF1-class exonic enhancer GGAGGA — hexamers that act in EXONIC sequence and therefore survive splicing into the mature transcript, unlike the branch point and polypyrimidine tract. Tested within 50 nt of an exon boundary and, separately, at boundary-distant positions.	Permutation panel over the multiset {T,A,G,G,G,A} — 60 distinct arrangements, all composition-identical so channel 5 is bit-identical — implanted at fixed offsets in BOTH the ATG window's upstream half and the stop window's downstream half, at three codon offsets, across the 5 seeds. The whole design turns on one confound handled head-on: TAGGGA CONTAINS TAG, and at one of the three offsets it creates an in-frame stop. So each permutation is labelled by its created-motif status at that offset (creates in-frame stop / creates ATG / creates an MAG junction-consensus), and TAGGGA is ranked ONLY against permutations sharing its label. Second arm: the same protocol for GGAGGA over the multiset {G,G,A,G,G,A} (15 arrangements) with the opposite predicted sign. Third arm, real data: is the implant effect larger at positions within 50 nt of a real channel-4 mark than at boundary-distant positions, matched on offset and on local GC?	(i) The 59 composition-identical permutations of {T,A,G,G,G,A}, subsetted to those matched on created-motif status at the same codon offset — this is trap 2 eliminated (channel 5 identical) and trap 3 handled per control string rather than per position. (ii) The GGAGGA enhancer panel as a signed reference: a real silencer/enhancer distinction predicts opposite directions, whereas an AU-richness artifact predicts the enhancer panel to be flat or same-signed. (iii) Boundary-proximal vs boundary-distant placement, matched on offset and local GC, as the positional reference.	TAGGGA ranks at chance among created-stop-matched permutations (the apparent effect was the TAG, i.e. stop-codon creation, not the silencer motif); or GGAGGA moves the prediction in the SAME direction as TAGGGA (the model reads composition/low-complexity, not regulatory identity); or the effect shows no boundary-proximity dependence, which would strip the splicing interpretation even if the hexamer effect is real. Any one of these kills the splicing-fidelity reading, and the honest fallback is 'a hexamer with an effect and no mechanism'.	hours
R1-splicing-1	R1	splicing	The transcript 3' end is in the input as a padding boundary, and stop-to-poly(A) distance is read as a threshold, not a distance	The transcript 3' cleavage/poly(A) site — the last nucleotide of the mature SQANTI transcript — and its nucleotide distance from the stop codon (the 3'UTR length). In the input this element exists in exactly one place: the boundary between filled one-hot sequence and all-zero padding in the downstream half of the stop window. data_prep.encode_window_v5 allocates np.zeros((9, win_size)) and fills only arr_start:arr_end with w_end = min(seq_len, end), so all nine channels — including frame channels 6-8 — are identically zero beyond the transcript end. measure_position_bank.frame_span() already recovers that boundary from channels 6-8.	Filled-extent operator on the stop window, two arms, using results_4ct_sweep checkpoints at atg1000_stop1000 (half_win = 500) and atg2000_stop2000 (half_win = 1000), 5 seeds each. Cohort: ref-CDS slots with n_downstream_ejc == 0 and observed 3'UTR in [150, 900] nt so the boundary can be placed both inside and outside the window (n = 20,811 EJC-free ref-CDS slots available; subsample 2,000, gene-stratified). For each isoform, rebuild the stop window with the filled extent's right edge set to L in {100, 150, 200, 300, 400, 500, 700, 900, unclipped}: TRUNCATE by zeroing all nine channels beyond the new edge; EXTEND by generating new bases from a Markov-1 chain fit on that isoform's own 3'UTR (this is sequence GENERATION of arbitrary length, not the dead dinucleotide-preserving shuffle of a 3-mer, which is the identity map only because a 3-mer has one valid arrangement). Then recompute channel 5 over the new extent with measure_position_bank.recompute_gc, and refill channels 6-8 by continuing (pos - orf_start_0based) % 3 exactly as data_prep.py:207-211 does. ARM A: sequence-only, frac_stop held at its observed value. ARM B: frac_stop updated to orf_end / (orf_end + L) so the tabular block is coherent with the sequence. Arm B minus Arm A isolates the tabular route from the sequence route — available cleanly only because ORF_FEATURE_COLS carries frac_stop = orf_end/tx_length, a RATIO, so absolute 3'UTR length is nowhere in the tabular block. Record per-isoform Δ log-odds vs a no-op re-encode through the identical rebuild path.	Three references, as trap 1 requires. (1) Method noise floor: the no-op rebuild at the observed extent, which ANALYSIS4 measured as exactly 0.0 against a recomputed baseline. (2) Other geometry: the identical extent operator applied to the ATG window's UPSTREAM edge (distance to the transcript 5' end), same isoforms, same recomputation, same L grid — no NMD mechanism predicts a monotone effect there, and it carries the identical max-pool sample-size artifact. (3) Matched population: the same operator on ref-CDS slots with n_downstream_ejc >= 1 (n = 7,912), matched to the EJC-free set on observed 3'UTR length, stop-window GC, and slot-0 attention weight. This matching is not optional — the observed 3'UTR medians differ strongly by EJC stratum (EJC-free 875 nt NMD+ vs 1,115 nt control; EJC+ 1,957 vs 1,809), so 3'UTR length and EJC count are confounded in the marginal and in opposite directions.	A flat per-isoform slope with a null step (median slope ~0, fraction positive ~0.5, step within the control-geometry distribution) refutes the claim that the model encodes 3'UTR length at all. An effect of equal size at the ATG window's upstream edge refutes it as 3'UTR-specific and relabels it a max-pool sample-size artifact. An effect that is identical in the EJC>=1 matched population refutes 'EJC-independent'. An effect present only in Arm B refutes the sequence-side claim and relocates it to the tabular ratio. Note that the marginal association here runs the WRONG WAY in the EJC-free stratum (NMD+ 3'UTRs are shorter), so a null is a live and unsurprising outcome; a positive causal result would be a genuine model-as-instrument finding that the marginal hides.	day
R1-splicing-2	R1	splicing	Implanting the canonical poly(A) signal AAUAAA near the stop codon is protective, and beats its own five composition-identical permutations	The canonical polyadenylation signal hexamer AAUAAA (DNA AATAAA), and the ATTAAA variant, sitting at a defined nucleotide offset downstream of the stop codon in the 3'UTR — i.e. within the filled downstream half of the stop window. It is nowhere in the tabular block; ORF_FEATURE_COLS has frac_start, frac_stop, is_ref_cds, is_sqanti_cds, n_downstream_ejc and nothing about 3' motifs.	Implant-vs-permutation at controlled offsets. Cohort: N = 1,500 ref-CDS slots whose observed 3'UTR is >= 600 nt, so EVERY implant offset lands in real sequence and the padding-extent confound of H1 is structurally excluded (report the per-offset unpadded count beside every number, as ANALYSIS4 requires); and which contain no exact AATAAA or ATTAAA anywhere in the stop window, screened by exact 6-mer match on channels 0-3. At offsets d in {+20, +50, +100, +150, +250, +400} nt downstream of the stop codon's last base, overwrite 6 nt with each of the SEVEN sequences: AATAAA and its five other distinct arrangements of the multiset {A x 5, T x 1} — TAAAAA, ATAAAA, AAATAA, AAAATA, AAAAAT — plus a no-op. Then recompute channel 5 over the filled extent via recompute_gc. Channels 4 and 6-8 are untouched: an implant creates no junction and does not change frame. This is a WINDOW-LOCAL edit, so the model's five ORF slots are fixed and the effect measured is the encoder's response, not a re-selection — stated as scope, not hidden. Cross-check axis: 09_export_polya.py already joins SQANTI polyA_motif_found / polyA_dist to predictions; ask whether per-isoform implant response predicts which isoforms SQANTI independently calls motif-positive.	Three. (1) Noise floor: the no-op re-encode at each offset. (2) Other sequences at the same position: the five permutations of AATAAA are EXACTLY mononucleotide-composition-matched — same 5 A + 1 T, same GC (zero), so channel 5 changes identically to the base for all six implants. This is the direct answer to trap 2 ('composition dominates identity'): the operator is composition-neutral by construction, not by hoping. It escapes the dead 'dinucleotide-preserving shuffle of a 3-mer' because that failed only for the degenerate reason that 100% of 3-mers have exactly one valid arrangement; a 6-mer with 5 A and 1 T has six. (3) Matched population / other positions: the identical 7-way implant in the ATG window at the mirrored offsets UPSTREAM of the start codon, where no poly(A)-signal mechanism operates, same isoforms, same recomputation. Frame offset is matched by construction because all six implants sit at identical coordinates (trap 3).	AATAAA ranking at chance within its permutation set (median rank ~3.5 of 7) refutes the identity claim and leaves only A-richness. A flat offset profile refutes the proximity/PABPC1 claim even if the identity effect is real. A protective effect of the same size in the mirrored ATG-window implant refutes 3' specificity. A POSITIVE (NMD-promoting) sign would refute the PABPC1-antagonist mechanism as stated and would be reportable as such.	day
R1-splicing-3	R1	splicing	The junction-free run length from the stop codon is a distinct element from the downstream-EJC count, and channel 4 permits the only perfectly composition-neutral operator in this input	The uninterrupted junction-free run of 3'UTR extending from the stop codon to the next exon-exon junction, or to the transcript 3' end if there is none — its length in nucleotides. In the input this is a run of zeros in channel 4 downstream of the stop-window centre, terminated either by a 1 (junction) or by the padding boundary. It is a DISTANCE; n_downstream_ejc is a COUNT; the two are never separated in the current pipeline.	Channel-4 insertion sweep, two arms. Cohort: ref-CDS slots with n_downstream_ejc == 0 and 3'UTR >= 600 nt (so the whole d grid is unpadded), N = 2,000 gene-stratified. For each isoform set encoded[4, idx] = 1.0 at a single position d in {+20, +40, +55, +75, +100, +150, +250, +400} nt downstream of the stop codon's last base, one position at a time. Nothing else changes: no nucleotide channel moves, GC is exactly unchanged, frame is exactly unchanged. ARM A: sequence-only, n_downstream_ejc held at 0. ARM B: n_downstream_ejc incremented to 1 for d > 50 (coherent with the rule ORFik applied). Arm B minus Arm A separates the CNN's positional reading of channel 4 from the tabular count's contribution — the brief reports the structural branch at 59-78% of mean absolute displacement with EJC count dominating, but no analysis has ever separated positional from count. Reverse control within isoform: on slots that DO carry a junction in the stop window, delete the mark (set channel 4 to 0) and measure the mirror effect. This is not the dead inference-time flag ablation: that failed because zeroing a flag shrank control positions (0.66x) alongside targets (0.42x), i.e. it measured attention dilution; here the operator is a single-position edit inside a channel that is 1 at a handful of positions in the unperturbed input, both arms include a coherent-tabular version, and the reference is other POSITIONS in the same channel rather than the flag's presence versus absence.	Three. (1) Noise floor: no-op re-encode. (2) Other positions: the same single-mark insertion swept across the UPSTREAM half of the stop window and across the ATG window, where a junction is common in real data but where no downstream-EJC mechanism applies; this is the position reference that the flag-ablation failure lacked. (3) Matched population: the same sweep on slots with n_downstream_ejc >= 1, matched on 3'UTR length and attention — if the effect is the model counting rather than measuring, adding one more mark to a slot that already has three should behave differently from adding the first. Crucially, the operator's ON-MANIFOLD status is stronger here than for any nucleotide operator: the model's sequence is MATURE mRNA, so splice-site motifs (GT/AG) are in the excised introns and are absent from the input at real junctions too. A channel-4 mark therefore carries almost no local nucleotide correlate in the training data either. Residual correlation (exonic splicing enhancer composition near junctions) is controlled by matching insertion positions on local 6-mer composition and by the within-isoform deletion mirror.	A pure step at d ~ 50 with zero post-step slope refutes the EJC-free-run claim and confirms the canonical rule as the whole story — a clean, publishable negative for my lens. Zero step AND zero slope in Arm A with a full effect in Arm B refutes any CNN positional reading of channel 4 and relocates all junction evidence to the tabular count. An equal-magnitude effect for marks inserted UPSTREAM of the stop refutes the whole probe as an artifact of perturbing channel 4 at all.	day
R1-splicing-4	R1	splicing	3'UTR GC composition downstream of the stop is the EJC-independent element, tested by block resampling rather than single-base substitution	The GC fraction of the 200-nt block of 3'UTR immediately downstream of the stop codon (and, as a dose series, of successive 200-nt blocks out to +600). A compositional property of a named, localized region — which section 8 admits as a sequence element.	Block resample at targeted GC. Cohort: ref-CDS slots with 3'UTR >= 800 nt so all three blocks are unpadded; N = 2,000, split by EJC stratum. For each isoform and each block B in {+0..+200, +200..+400, +400..+600}, replace the block with sequence generated from a Markov-1 chain fit on that isoform's own 3'UTR but reweighted to a target GC in {0.30, 0.40, observed, 0.55, 0.65}, five draws per target with different seeds. Recompute channel 5 over the filled extent with recompute_gc; channels 4 and 6-8 untouched; padding extent unchanged, so H1's boundary confound is held fixed. Exclusion screen, applied identically at every target (trap 3 on frame-matched exclusions): reject any draw that creates an AATAAA/ATTAAA hexamer (which would contaminate with H2's element) or that changes the count of in-frame stop codons within the block, and report the per-target exclusion rate beside every effect, since exclusion rates are known to differ by 23.6% vs 8.7% across conditions here.	Three. (1) Noise floor and the resampling artifact: the SAME block resampled at the isoform's OBSERVED GC, five draws — this is the reference the contrast is taken against, so 'resampling at all' is differenced out and only GC varies. This is how the design escapes trap 2, which killed the single-base GC operator: that operator failed because one base moves the 50-nt rolling GC across 50 positions and control positions were 100% same-signed with median |t| 5.79, i.e. every position looked confident. Here GC is moved by design over a 200-nt block and the null is a same-length, same-position, same-generator resample at unchanged GC. (2) Other positions: the identical block-resample operator applied to a 200-nt block of 5'UTR in the ATG window, same isoforms, same targets, same exclusions. (3) Matched population: the EJC>=1 stratum matched on 3'UTR length and block GC — if the effect is EJC-independent NMD it should be attenuated where the EJC trigger is already satisfied.	A per-isoform slope indistinguishable from the observed-GC resample reference refutes the compositional claim. An equal slope in the 5'UTR block refutes 3' specificity and says the model has a global GC preference — which the project has already been caught by once and which this design is built to detect rather than to avoid. No proximity gradient (slope at +0..200 equal to slope at +400..600) refutes the termination-coupled part of the mechanism while leaving a bulk-composition effect. An equal or larger slope in the EJC+ stratum refutes 'EJC-independent'.	days
R1-splicing-5	R1	splicing	The terminal 3'UTR is structurally invisible to the model for most slots; anchor a third window at the transcript 3' end and see whether that recovers EJC-independent NMD	Terminal-3'UTR sequence within 1,000 nt of the transcript 3' end — the poly(A) signal, the downstream U/GU-rich element, and terminal AU-rich tracts — as a class. Measured here: at the selected atg500_stop500 configuration (half_win = 250) only 12.0% of the 209,174 selected ORF slots have their 3' terminus inside the stop window; at stop1000, 24.0%; at stop2000, 43.1%. For ref-CDS slots specifically, mean 3'UTR is 1,728 nt. So for roughly three quarters of slots the terminal 3'UTR is not in the input at all, at any width the project has trained.	Retrain with a third encoder branch. Add a `three_prime_end` window of width 1000, centred on the transcript's last base (so half is real sequence, half is padding for every isoform — a constant, hence uninformative, geometry), encoded by the existing encode_window_v5 with a CLIP at the stop codon so it can never re-read what the stop window reads. That clip is not optional: the code's own midpoint-clip rationale (data_prep.py:246-269) is that overlapping windows make the branch decomposition meaningless and make it width-dependent, and the same failure would recur here. Fuse as a fourth term, Linear(128 -> 64) instead of Linear(96 -> 64), everything else unchanged. Train 5 seeds, identical schedule and chromosome split (test chr1/3/5/7, val chr2/4). CONTROL RETRAIN, run in the same batch: an identical architecture whose third window is anchored at the transcript's FIRST base, clipped at the start codon — exactly the same parameter count, same schedule, same seeds, only the anchor differs. Then, on the 3'-anchored model only, run the ANALYSIS4 padding-aware positional profile at the new anchor to read out which offsets from the cleavage site carry the evidence, and check whether the peak coincides with -10 to -30 (the poly(A) signal window) before any motif is claimed.	The 5'-terminus-anchored control retrain is the matched reference and it is matched on the only thing that would otherwise explain a gain: parameter count, fusion width, optimizer, schedule, seeds, split, and the amount of additional sequence the model sees. It differs in one bit — which end of the transcript the third window is anchored to. Second reference: the PTC+ stratum inside the 3'-anchored model itself, where the canonical EJC mechanism already explains the label and no terminal-3'UTR gain is predicted. Third: the existing 10 sweep checkpoints (atg1000_stop1000, atg2000_stop2000, 5 seeds each) bound the seed-to-seed AUPRC spread, which is the noise floor any ΔAUPRC must clear.	ΔAUPRC within seed noise in every stratum refutes the claim that terminal-3'UTR sequence carries recoverable NMD information. A ΔAUPRC gain that is equal in the 5'-anchored control refutes the anchor and attributes it to capacity or to 'more sequence'. A gain that is equal in PTC+ and in PTC- no-trigger refutes 'EJC-independent' and suggests a transcript-length proxy — testable directly by checking whether the gain survives matching on tx_length. No concentration of the positional profile near -10 to -30 refutes the poly(A)-signal interpretation even if the AUPRC gain is real, in which case the element is unresolved and the finding stops at 'terminal 3'UTR sequence', which is still a nameable region.	retrain
R1-rbp-1	R1	rbp	The 50-nt rule is absent from the tabular block: stop→nearest-junction spacing as a local co-occurrence element	The nucleotide spacing d between the termination codon and the NEAREST downstream exon–exon junction. Operationally: a junction mark lying within ~42 nt 3′ of the stop (canonical last-junction escape, ribosome displaces the EJC) versus the identical junction placed beyond that distance (retained EJC, UPF1 assembly, decay).	GROUNDING (verified, not assumed): `n_downstream_ejc` is the unthresholded count of junctions with position > orf_end — 100% agreement with a raw recount over 1,211 slot-0 ORFs sampled from results_4ct_dn/selected_orfs.tsv. It therefore scores a junction 8 nt downstream identically to one 707 nt downstream. Among slot-0 ORFs with ≥1 downstream junction, the nearest sits at ≤42 nt in 25.4%, at 43–55 nt in 6.2%, and >200 nt in 14.9% (percentiles 8/42/83/148/707 nt at 5/25/50/75/95). So a quarter of 'EJC-positive' slots are textbook escapers that the tabular feature calls triggers, and the only place the distinction can live is channel 4 inside conv2's receptive field, which I recomputed from model.py as exactly 42 nt (conv1 k=15 → MaxPool1d(4) → conv2 k=7 spans input [4j−19, 4j+22]).  TEST — junction-relocation ladder on the stop branch. Donor set: slot-0 ORFs with n_downstream_ejc ≥ 1 whose nearest downstream junction is at d0 > 200 nt (~15% of eligible slots; thousands). For each donor, move that single channel-4 mark to d ∈ {6,12,18,24,30,36,42,48,55,70,100,150}, leaving nucleotide channels 0–3, rolling-GC channel 5, frame channels 6–8, and the ENTIRE tabular block bit-identical (n_downstream_ejc is unchanged by construction, so nothing the structural branch reads moves). Score all five checkpoints; record Δlog-odds(d) − Δlog-odds(d0) per isoform per member. Sample d on a 6-nt grid so the mid-pool's 4-nt quantization cannot alias with the hypothesized 42–55 nt knee. Reuses the cached-forward-pass pattern of analysis_plans/measure_position_bank.py; needs a new stop-branch operator (the existing bank is start-window only). Escalation arm if a knee appears: retrain with conv2 DILATED (dilation 4, k=7, RF ≈ 114 nt) — identical parameter count, receptive field the only variable — and re-run the ladder on the same donors to ask whether the knee moves to 50–55 nt (the data taught it the real rule) or stays pinned at 42 (the old knee was the receptive-field edge).	Three references, per trap 1. (a) METHOD NOISE FLOOR: relocate the mark to d ∈ {250,300,400} — all far outside the receptive field and mechanistically interchangeable, so their spread is the operator's own noise. (b) OTHER POSITIONS: the mirrored relocation UPSTREAM of the stop at matched |d| (−6 … −150). An upstream junction is translated over and its EJC displaced, so it does not trigger; the mark has the same channel, the same count, and the same distance from the window anchor, making this the tightest possible geometric control — a knee there is artifact, not biology. (c) MATCHED POPULATION: the identical operator in the ATG window of the same slot at the same anchor-relative offsets, where junction position carries no termination meaning.	A flat Δlog-odds(d) curve within the noise floor from reference (a) in the large majority of donors — the model's EJC competence is entirely the count and the 50-nt rule is not encoded. Equally refuting: a knee of the same magnitude and location in the upstream mirror (b), which would make it a window-geometry artifact. Both are live outcomes and both are publishable, since the brief currently asserts 'EJC count dominates' without ever having asked whether spacing is represented.	day
R1-rbp-2	R1	rbp	In-silico nonsense ladder: PTC position along the ORF, and the AUG-proximity escape element	The position of a premature termination codon along the coding sequence — specifically (i) a PTC within ~150 nt 3′ of the initiation codon (AUG-proximity escape) and (ii) a PTC in the last exon (no downstream junction). The element is created by a single-nucleotide nonsense substitution at a chosen in-frame codon (CAA→TAA, CAG→TAG, CGA→TGA, TGG→TGA, GAA→TAA, TCA→TAA, TTA→TAA, TAT→TAA, TGT→TGA, …), i.e. the real mutation class.	For each donor transcript (slot-0 ORFs with a reference-CDS start, ORF length ≥ 600 nt, ≥2 junctions so both an EJC-triggering region and a last exon exist), enumerate every in-frame codon that a SINGLE base change converts to a stop. For each such codon, rebuild the slot end-to-end through data_prep.encode_window_v5 with the mutated sequence: the start and its frame channels 6–8 are unchanged (same AUG), the stop window is recentred on the new stop, the ORF-midpoint clip is recomputed, channel 5 is recomputed from the window's own filled extent, channel 4 is refilled under the new clip bounds, and frac_start/frac_stop/n_downstream_ejc are recomputed. Using the real encoder keeps this on-manifold — this is a nonsense mutation, not a synthetic perturbation. Score with all five checkpoints in two input configurations: (A) native K=5 with the other slots at donor values, and (B) single-slot masked input so attention is 1.0 on the perturbed slot, removing attention dilution as an explanation (legal because no parameter depends on K and one-ORF isoforms exist). CONFOUNDER ARM, mandatory: run the whole ladder twice, once with is_sqanti_cds held at the donor value and once forced to 0. The brief states TD2 avoids calling PTC-bearing ORFs, and that ref/TD2 disagreement is a 49.5%-vs-12.0% NMD proxy — so if the positional profile exists ONLY when the flag is flipped, the model is reading a tool's bias and not the sequence, and that must be reported as the finding.	At the SAME codon and the SAME nucleotide substitution type, the change that does NOT create a stop. Each nonsense-creating single-base change has a partner in the same codon (or the adjacent codon at the same frame offset) with identical base identities before and after — e.g. C→T creating TAA from CAA, matched against a C→T at a third position that is synonymous. This is exact GC and purine matching (trap 2: only GC-matched operators approach a null reference) and frame-offset matching (trap 3: created-motif exclusion rates differ 23.6% vs 8.7% by codon offset). The control isolates STOP CREATION from nucleotide identity, which is the only contrast that supports a mechanistic claim. Second reference: the same nonsense ladder run on the last-exon region alone, where the positional profile should be flat.	A monotone curve with no AUG-proximal trough — the model has only the EJC arm and the proximity rule is absent. Or a profile that vanishes when is_sqanti_cds is forced to 0 in both conditions — the profile was the annotation flag, not the sequence. Or a profile identical to the synonymous-control ladder — the effect is the nucleotide change, not the stop.	days
R1-rbp-3	R1	rbp	Stop-codon termination context (−3 to +4) modulates NMD only where termination is EJC-triggering	The stop tetranucleotide and its immediate 5′ neighbourhood: the base at stop+1 (the '+4' of the stop signal) within a fixed stop triplet, and the last sense codon at stop−3..−1. Concretely, the contrast TGA-C (leakiest known context) versus TGA-G/TGA-A, and TAA-purine (tightest) versus TAA-pyrimidine, plus the −1 codon identity.	Build a stop-window position bank mirroring analysis_plans/measure_position_bank.py (which is currently start-window only): one cached forward-pass sweep substituting all four bases at every position in a bank spanning stop−12 … stop+12, plus ~37 frame-matched control positions further out, with channel 5 recomputed exactly as data_prep does and created-motif exclusions recorded. Then derive ONLY GC-matched contrasts — C-vs-G and A-vs-T at stop+1, within a fixed stop triplet — never G-vs-notG (that operator is dead: 100% same-signed controls, |t| median 5.79). Stratify every contrast by (i) the slot's own n_downstream_ejc > 0 and (ii) attention tercile, because the brief shows the Kozak −3 effect changes sign across attention terciles (+0.0058 middle, −0.0024 top) and reverses with the slot's PTC status (+0.0087 vs −0.0001). Report the difference-in-differences: (triggering − non-triggering) within attention stratum. Sizing verified from selected_orfs.tsv slot 0: triggering stops number 6,170 TGA / 2,523 TAA / 2,165 TAG; non-triggering 15,498 / 8,831 / 6,856 — enough for within-triplet × within-tercile cells.	(a) The same GC-matched contrast at NON-triggering stops of the same triplet identity — matched on stop codon, on window geometry, on frame, and on attention, differing only in whether termination at that stop is an NMD-competent event. That is the mechanism-matched population. (b) The 37 frame-matched control positions, extended to the stop window, carrying the identical operator, exclusions and recomputation path — the method's own noise floor. (c) Within-triplet only, so the contrast never compares TAA to TGA and cannot be a stop-identity effect in disguise.	The stop+1 effect is the same size at triggering and non-triggering stops (no interaction) — it is a generic base preference, which is exactly how Kozak +4 died. Or the effect is inside the control-position spread at every attention tercile. Or the sign is inverted (leaky context raises predicted NMD), which would contradict the readthrough mechanism and point to a composition confounder.	day
R1-rbp-4	R1	rbp	The exonic footprint of a splice junction as a sequence-only junction surrogate	The nucleotide signature a spliced junction leaves in the MATURE transcript: the exonic half of the donor consensus at the upstream exon's 3′ end ((C/A)AG) abutting the G-biased first base of the downstream exon — i.e. the junction-spanning 4-mer CAGG / AAGG — together with junction-proximal exonic splicing enhancer density (GAAGAA / GGAGGA-class SR-protein sites).	Donor set: slot-0 ORFs with n_downstream_ejc = 0 and no junction mark anywhere in the stop window (so no real junction can interact). Implant CAGG and AAGG at offsets d ∈ {60, 90, 120} nt downstream of the stop — deliberately OUTSIDE conv2's 42-nt receptive field around the stop, so any effect is the encoder recognising a junction-like motif rather than perturbing the stop detector. Channel 4 is never set; channel 5 is recomputed exactly as data_prep does; the tabular block is untouched. Run each implant at offsets ≡0, ≡1 and ≡2 mod 3 relative to the stop and report created-motif exclusion rates separately per offset class (trap 3: 23.6% vs 8.7%). Second arm: implant a 12-mer ESE cassette (GAAGAAGAAGAA) at the same offsets against its own permutation family. Score all five checkpoints.	Composition-matched permutations of the identical base multiset. For CAGG the multiset {C,A,G,G} has 4!/2! = 12 distinct arrangements; excluding the target and any that are themselves consensus leaves ≥8 controls with IDENTICAL GC fraction, identical purine count, and hence an identical channel-5 trajectory — the only reference class trap 2 reports as approaching null. This escapes section 6's dead 'dinucleotide-preserving shuffle of a 3-mer is the identity map' by using 4-mers and 12-mers, and the arrangement count will be ASSERTED in code before the run rather than assumed, which is the check that failed the first time. Second reference: the identical implant placed UPSTREAM of the stop at matched distance, where a junction is translated over and does not trigger.	The target arrangement sits inside the distribution of its own permutations for most donors — the encoder has no nucleotide-level junction detector, channel 4 is doing all of it, and any sequence-only deployment of this model requires junction annotation. That is a clean negative and is directly actionable for Track A.	hours
R1-rbp-5	R1	rbp	The poly(A) signal hexamer downstream of the stop as a faux-3′UTR / PABPC1-proximity element	The canonical polyadenylation signal AAUAAA (and the variant AUUAAA) located in the sequence 3′ of the stop codon, and its distance from the stop.	Donor set: slot-0 ORFs with n_downstream_ejc = 0 (EJC arm silent, so the faux-3′UTR arm is isolated) and no AATAAA or ATTAAA within the stop window. Implant AATAAA at d ∈ {40, 80, 150, 300} nt downstream of the stop; channel 5 recomputed, channel 4 and the tabular block untouched. Second arm: within donors that already carry a natural proximal PAS, relocate it by swapping the hexamer with the equal-length stretch at a new offset, which conserves the window's entire base composition exactly. All five checkpoints. Offsets sampled at all three codon-frame classes with exclusion rates reported per class. STATED LIMITATION, not buried: an implanted PAS cannot actually cleave in silico, so the claim is 'the hexamer is a learned feature whose biological reading is 3′-end proximity', not 'shortening the 3′UTR rescues'. That cap is analogous to trap 8.	The hexamer's own arrangement family, which here is unusually clean: AATAAA is five A's and one T, so there are exactly 6 arrangements, differing only in the T's position — identical GC, identical purine content, identical channel-5 trajectory. Better still, the four INTERNAL-T arrangements (ATAAAA, AATAAA, AAATAA, AAAATA) have identical DINUCLEOTIDE composition as well ({AA×3, AT, TA}), so the target differs from its three controls in motif identity and in nothing else measurable. The arrangement count will be asserted in code before the run — this is what makes it escape the dead 3-mer shuffle rather than repeat it. Second reference: ATTAAA, the second-most-used real PAS, as a same-direction positive control; it should behave like AATAAA and unlike the arrangements.	AATAAA sits inside its own arrangement distribution for most donors, or shows no distance dependence, or ATTAAA behaves like the null arrangements. Any of these says the model has no PAS/3′-end-proximity feature and that the faux-3′UTR arm is not represented — consistent with the brief calling long 3′UTRs 'less central', but currently that is an assumption rather than a measurement.	hours
R1-utr3-1	R1	utr3	The +4 base of the termination tetranucleotide lowers NMD only where an EJC is available to displace	The single nucleotide immediately 3' of the stop codon (+4) of the ORF in slot 0 — the fourth position of the mammalian tetranucleotide termination signal (stop+N4) — read against the other frame-1 positions of the 3' flank (+7, +10, +13, +16, +19) as its own within-isoform control set. In the stop window at width 1000, the stop occupies indices W/2-1, W/2, W/2+1, so +4 is index W/2+2.	Retarget analysis_plans/measure_position_bank.py from the slot-0 ATG window to the slot-0 STOP window, tag atg1000_stop1000, five sweep members (seeds 100-500), ~500 isoforms. Bank = {+4} + frame-1 controls inside conv2's 42 nt receptive field {+7,+10,+13,+16,+19} + frame-1 controls outside it {+25,+28,...,+58} + frame-matched positions upstream inside the CDS. All four bases measured at every position, so every contrast (A-T, G-C, GC-AT, purine) is a re-cut of one forward-pass sweep and operators cannot differ in anything but the operator. Channel 5 recomputed over the filled extent by the exact reimplementation already in the script; channel 4 and the 5-number tabular block untouched. HARD EXCLUSION specific to this position, and it is the trap: setting +4=T creates an in-frame tandem stop at +4..+6 whenever (+5,+6) is AA, AG or GA — roughly 19% of isoforms. Those are dropped from the primary contrast and analysed separately (they are hypothesis 5 observed rather than implanted). Stratify by n_downstream_ejc from selected_orfs.tsv.	Three, as section 7.1 demands. (1) Method noise floor: the identical operator at the same frame offset at +25..+58, outside the 42 nt receptive field around the stop centre, where the architecture provably cannot relate that base to the stop. (2) Other positions: the frame-1 positions +7..+19, which sit in the same post-stop composition regime, so a CDS-to-UTR compositional boundary cannot masquerade as a +4 effect, and which are frame-matched (section 7.3 — created-motif exclusion rates differ 23.6% vs 8.7% across codon offsets). (3) Matched population: the same operator at non-EJC-triggering stops, and at isoforms matched on downstream-20-nt GC and frac_position.	Within-isoform ranks of +4 indistinguishable from uniform against the frame-matched controls; or a +4 effect of equal size in the PTC and non-PTC strata (that is a composition or annotation-boundary effect, not termination fidelity); or an effect that persists undiminished at +25..+58, which would mark it as a method artifact rather than a stop-proximal element.	hours
R1-utr3-2	R1	utr3	Non-optimal synonymous codon runs immediately before the stop, via a composition-exact wobble exchange	A run of >=6 consecutive low-optimality synonymous codons in the 36 nt immediately 5' of the stop codon — i.e. inside conv2's 42 nt receptive field around the stop centre — defined over 4-fold degenerate boxes (Ala, Gly, Pro, Thr, Val, Leu-CTN, Ser-TCN, Arg-CGN).	New operator class — composition-exact synonymous wobble exchange. Restrict to 4-fold boxes and exchange wobble bases between two codons only within the same GC class (C<->G, or A<->T). Consequences are exact, not merely matched: amino acid sequence unchanged; is_gc unchanged at every position so channel 5 is bit-identical (data_prep.py:97); total A/C/G/T counts in the window unchanged, so the documented model-wide G-over-C preference contributes zero at first order; channels 6-8 positional and untouched; channel 4 and the tabular block untouched. Four conditions per isoform, matched on edit count and on delta(mean tAI or human codon frequency): (a) CLUSTERED-DEOPT, low-optimality wobbles concentrated in codons -6..-1; (b) SCATTERED-DEOPT, same count spread over -12..-1; (c) NEUTRAL-EXCHANGE, same positions and edit count chosen so delta(optimality) ~ 0; (d) DISTAL, condition (a)'s recode applied at codons -40..-34, inside the stop window but outside the 42 nt receptive field. Eligibility: orf_length >= 150 nt so the span lies inside the stop window's filled extent after the ORF-midpoint clip, and >=6 exchangeable 4-fold codons in the span; report the eligible fraction. No-op check: exchanging a codon's wobble with itself must return exactly 0.0.	(1) Method floor: condition (d), the same recode outside the receptive field, plus the exact-zero no-op check. (2) Other positions/arrangement: condition (b), identical optimality change and identical composition, different spatial arrangement — this is the reference that isolates clustering from count. (3) Matched population/matched operator: condition (c), identical edit count at identical positions with no optimality change — this is the reference that makes the claim about codon identity rather than about 'you edited six bases'. Additionally the non-EJC-triggering stops as a population where the mechanism predicts no effect.	(a) ~ (c): editing wobbles moves the model regardless of optimality, so the element is base identity not codon optimality. (a) ~ (b): count matters and arrangement does not — a weaker but still positive result about optimality, reported as such rather than spun. (a)-(c) ~ (d)-(c): the effect is not stop-proximal and is a whole-window artifact that survived the exactness constraints, which would indict the operator.	day
R1-utr3-3	R1	utr3	TAG<->TGA at the terminator: the unique GC-exact stop-identity operator, with an in-frame decoy ladder	The identity of the terminating triplet itself, restricted to the TAG<->TGA exchange (positions 2 and 3 of the stop codon). This is the only stop pair with an identical G+C count, so it is the only stop-identity operator with exact channel-5 invariance; TAA differs in GC from both and is excluded for that reason.	Two-base substitution at the slot-0 stop window centre (indices W/2 and W/2+1), TAG<->TGA in both directions, on isoforms whose observed slot-0 stop is TAG or TGA (stop_codon column of selected_orfs.tsv). Verify numerically that channel 5 is bit-identical before and after, which it must be since is_gc is unchanged at both edited positions. Channel 4 and the tabular block untouched. DECOY LADDER, all at in-frame offsets so the frame channels are matched: implant TAG vs TGA at +12 and +21 (inside the 42 nt receptive field around the stop) and at +60 and +90 (outside it). Because both conditions at a decoy are implants at the same index, the native triplet's identity cancels in the difference, and the window-local unpropagated substitution's off-manifold contamination is common to the two conditions and cancels too. Five members, tag atg1000_stop1000, stratified by n_downstream_ejc.	(1) Method floor: the +60/+90 in-frame decoys, outside the receptive field. (2) Other positions: the +12/+21 in-frame decoys, inside the receptive field and in the same 3'-flank composition regime — a model that has merely learned a 3-mer detector fires there too, a model that has learned a terminator reader does not. (3) Matched population: non-EJC-triggering stops, and isoforms matched on 3'-flank GC and orf_length. The within-isoform design also excludes the obvious observational confounders — stop identity correlates with gene-level GC isochore and with CDS length, and both conditions here are the same isoform.	An equal TGA-vs-TAG response at the +12/+21 in-frame decoys, which means the model reads a 3-mer wherever it appears and has no terminator-specific representation; a null at the terminator; or a terminator effect that does not differ between the EJC and non-EJC strata, which would leave it uninterpretable as termination fidelity.	hours
R1-utr3-4	R1	utr3	A tandem in-frame stop inside the readthrough window, tested against a one-nucleotide frame shift	An in-frame stop triplet located 6-18 nt 3' of an EJC-triggering stop — the 'backup stop' that truncates a readthrough ribosome's excursion into the 3' flank before it reaches the first downstream junction.	Implant TAA vs AAT — both have G+C = 0, so channel 5 is bit-identical between the two conditions and the entire contrast is composition-exact — at in-frame offsets +6, +9, +12, +15, +18 and at out-of-frame offsets +7, +10, +13, +16, +19 (same three bases, same GC; the frame channels differ because channels 6-8 are computed from position, data_prep.py:207-211, and are never touched by a substitution). Distal arm in frame at +60 and +90. Both arms are implants at the same index, so the window-local unpropagated off-manifold contamination is common to the two conditions and cancels in the difference. Stratify by n_downstream_ejc and by whether the first downstream junction lies beyond the implanted stop. INTERNAL REPLICATION: the ~19% of isoforms excluded from hypothesis 1 because +4=T creates a tandem stop are this same element observed rather than implanted, on a population selected by an entirely different criterion.	(1) Method floor: the in-frame implant at +60/+90, outside conv2's 42 nt receptive field around the stop, where the architecture cannot co-represent the implant and the stop; this is a method reference, not biological evidence, and is labelled as such. (2) Other positions/frame: the out-of-frame implant at the adjacent offset — identical three bases, identical GC, identical distance from the stop, differing only in frame-channel alignment. This is the biological control. (3) Matched population: the same implant at non-EJC-triggering stops, and at stops whose first downstream junction is <=50 nt and therefore non-triggering.	In-frame indistinguishable from out-of-frame at matched offset — the model has a stop-3-mer detector, not a frame-aware termination detector, and the whole translation-aware reading of this architecture is wrong. Or a null at every offset. Or an effect as large at +60/+90 as at +6..+18, which indicts the implant as a composition artifact despite the GC match.	hours
R1-utr3-5	R1	utr3	Wobble-phase GC as the ORF-authenticity signal driving slot attention	The 3-nt phase of G+C placement in the ORF's own frame — the GC3 excess over GC1/GC2 — measured over the ~40 nt flanking each anchor, i.e. the frame-3-minus-frame-1/2 GC differential inside conv2's 42 nt receptive field around the ATG and around the stop.	Phase-swap operator. In the target span, exchange the base at a frame-3 position p with the base at p+1 (frame 1) whenever the two differ in GC class. MATCHED CONTROL operator: exchange p+1 (frame 1) with p+2 (frame 2) whenever they differ in GC class. The two operators are matched on exchange distance (1 nt), on GC-class exchange, on edit-count distribution, and therefore on the magnitude of the residual channel-5 perturbation (a 1-nt displacement inside a 50-nt rolling support changes channel 5 at ~2 positions per edit by 1/50); they differ only in whether the wobble phase is involved. Total base composition is exactly preserved by both, so the model-wide G-over-C preference cancels. Apply to (i) the reference-CDS slot and (ii) the highest-attention non-reference slot, plus a distal arm outside the receptive field. Five members, tag atg1000_stop1000.	(1) Method floor: the same operator applied to a distal span outside the 42 nt receptive field, plus the exact-zero no-op check. (2) Other positions/phases: the frame1<->frame2 exchange, matched on distance, GC-class and edit count — this separates 'the model responds to phase' from 'the model responds to a 1-nt rearrangement'. (3) Matched population: ORFs where TD2 and the reference CDS agree (real coding) versus where they disagree, and out-of-frame upstream ORFs, which should show a smaller Delta alpha because there is less phase structure to destroy. This population split is a positive control with a predicted ordering, not just a stratification.	Delta alpha equal under frame3<->frame1 and frame1<->frame2 — the model responds to a 1-nt rearrangement, not to codon phase. Or Delta alpha ~ 0 under both. Or the effect landing in the verdict term rather than the selection term, which would break the mechanistic story even if the number is nonzero. HARD CAP, stated up front per section 7.8: because the only ground truth for 'which ORF is translated' is GENCODE traced through the isoform, a positive result licenses 'wobble phase predicts the ANNOTATED ORF', not 'predicts ribosome selection'. Ribosome profiling would be required for the stronger claim, and the claim will be written at the weaker level.	day
R1-elongation-1	R1	elongation	Kozak is read as an arrangement, not as a base: composition-conserving permutation of the −6…−1 hexamer	The ordering of purines within the six nucleotides immediately 5′ of the start codon — ATG-window array indices W/2−7 … W/2−2, i.e. codon positions −6…−1, with −3 (index W/2−4) the hypothesized privileged slot — crossed with the +4…+6 triplet (indices W/2+2 … W/2+4).	Restrict to isoforms whose slot-0 ATG window has all bases at −6…−1 present as ACGT and whose hexamer multiset contains at least one purine and one pyrimidine (so both sides of the split exist) and admits ≥12 distinct arrangements. For each isoform enumerate distinct arrangements of the native multiset and sample S=24, stratified to ≥8 with purine at −3 and ≥8 with pyrimidine at −3, always including the native arrangement (flagged, so it can be dropped in a sensitivity cut). Write the arrangement into channels 0–3 at indices W/2−7…W/2−2; recompute channel 5 over the filled extent with the existing rolling_gc reimplementation (measure_position_bank.py:53-75); leave channels 4 and 6–8 untouched (no junction is created and the ORF start does not move, so frame is unchanged). Score all five results_4ct_sweep members at atg1000_stop1000 and atg2000_stop2000. Apply the existing created-motif exclusion (any AUG or in-frame stop created inside the hexamer) and report its rate separately for the purine-at-−3 and pyrimidine-at-−3 halves; restrict to multisets where those two rates are within 2 percentage points, since trap 3 shows exclusion asymmetry is what silently unbalances a contrast. Second arm: extend the permuted block to include +4…+6 and re-cut the same passes as a 2×2 (−3 purine yes/no) × (+4 G yes/no) to test conjunction versus additivity. Pilot 500 isoforms, production 2,000.	The identical forward passes re-cut by which of the six positions defines the purine/pyrimidine split. Across the six re-cuts the isoform, the window geometry, the base composition, the total GC, the position set and the frame offsets are all identical — only the read-out position changes — so this is a strictly stronger reference than the 37 frame-matched control positions, which differ from the targets in observed-base composition (purine fraction 0.742 at −3 versus a control median of 0.509). Secondary references: the five randomly-initialized members (architecture plus input distribution alone), and the per-split exclusion rates.	−3's median per-isoform contrast lying inside the range spanned by −6, −5, −4, −2 and −1 — i.e. a flat six-position profile, meaning the model reads upstream purine content but not its position. Also refuting: the per-arrangement Δ being predicted by the ℓ1 change the rearrangement induces in channel 5 (a residual composition artifact that survives multiset conservation through the rolling window's edges), or the 2×2 arm showing exact additivity of −3 and +4, which would kill the conjunction half.	hours
R1-elongation-2	R1	elongation	Cap proximity as a sequence element: a 5′UTR-length truncation ladder for the TISU/short-UTR class	The length of transcript sequence present 5′ of the start codon — equivalently the position of the transcript's 5′ terminus relative to the AUG — which appears in the ATG window as the boundary between zero padding and filled sequence (readable as the lower edge of the filled extent, channels 6–8).	Restrict to isoforms whose slot-0 ATG window has ≥150 nt of filled upstream sequence (~70% of ref-CDS isoforms by the local 5′UTR distribution) and ≥150 nt of filled downstream sequence inside the midpoint clip. Build a per-isoform ladder by moving the filled extent's lower bound to W/2−1−L for L ∈ {150, 96, 60, 36, 24, 18, 12, 6, 0}: zero channels 0–8 below it and recompute channel 5 over the new [lo, hi], which is exactly the array data_prep.py would emit for a native transcript with that 5′UTR length. Score five members at both configurations. Matched arm: remove the same number of positions from the inward (downstream, midpoint-clipped) edge instead, an equal-information, equal-padding-fraction edit with no cap-proximity meaning. Calibration arm: compare the synthetic Δ at L against the native cross-section of isoforms whose true upstream fill is ≈L (n≈1,270 below 30 nt), matched on n_downstream_ejc — the dominant structural feature per the brief's branch decomposition — and on label prevalence.	Three, all needed. (1) Downstream-edge truncation removing an identical number of filled positions from the same window of the same isoform — this is what isolates cap proximity from 'less sequence, weaker evidence'. (2) The native short-5′UTR cross-section at matched n_downstream_ejc, which tests whether the synthetic input lands where real ones of that length do. (3) Randomly-initialized members, to show the curve is not produced by the padding geometry alone.	The upstream ladder lying inside the downstream control's envelope at every L; or a monotone dependence on removed length with no break in the 6–30 nt band; or the synthetic curve at L disagreeing in sign with the native cross-section at L, which would mean the truncation is not producing the input the model learned that class from.	hours
R1-elongation-3	R1	elongation	oORF versus N-terminal extension: a frame-resolved upstream AUG implant with composition-identical controls	An AUG in the 5′UTR in strong context (implanted 9-mer GCCACCATG) and, critically, its reading frame relative to the main ORF: out of frame creates an overlapping ORF that terminates inside the CDS, in frame creates an N-terminal extension that shares the main ORF's stop.	For each eligible isoform (≥200 nt of filled upstream sequence, ≥200 nt of filled downstream sequence inside the midpoint clip), implant the 9-mer at upstream offsets d, d+1, d+2 for d ∈ {30, 60, 90, 120, 150, 180} nt from the main AUG, so the three frame classes are represented at distances matched to within 1 nt. Four cassettes per position: GCCACCATG and the composition-identical GCCACCAGT, GCCACCGAT, GCCACCGTA (the same {A,G,T} multiset permuted; TAG/TGA/TAA deliberately avoided). Edit channels 0–3, recompute channel 5 over the filled extent, leave 4 and 6–8 untouched. Placebo arm: the identical 4 cassettes × 3 frames × 6 distances placed downstream of the main AUG. Apply the created-motif exclusion over the cassette ±2 nt symmetrically across all four cassettes and all three frames, and report the rates. Five members, both window configurations; pilot 500 isoforms, production 2,000.	Two, nested. (1) The three permuted cassettes — identical base multiset, identical 9-nt footprint, identical destroyed native bases, differing only in whether the last three bases spell a start codon; this is the composition-exact reference the project's single-base operators cannot achieve. (2) The three frame classes at d, d+1, d+2 — same cassette, same isoform, matched distance to within 1 nt, differing only in the frame channel alignment at the implant site. The downstream placebo arm is the biological specificity control.	No separation between out-of-frame and in-frame implants once the permuted cassettes are subtracted, which would mean the model counts AUGs and does not resolve frame. Equally refuting in the opposite direction: an identical frame effect in the downstream placebo arm, which would mean the model has learned 'out-of-frame AUG anywhere in the window' — a bag-of-motifs artifact of global max pooling rather than scanning, and would forbid the biological claim.	day
R1-elongation-4	R1	elongation	AUG dose in the 5′UTR: decoy titration, with the max-pool saturation alternative built in as the thing to exclude	The number and density of strong-context out-of-frame AUGs in the 5′UTR — a graded compositional/positional property of the leader, not a single motif occurrence.	Restrict to isoforms with ≥260 nt of filled upstream sequence. Implant K copies of GCCACCATG at 40-nt spacing starting 60 nt upstream of the main AUG and proceeding 5′, K ∈ {0,1,2,3,4,6}, all at offsets chosen out of frame with the main ORF. Control series: the identical K positions filled with the composition-identical GCCACCAGT. Recompute channel 5, leave channels 4 and 6–8 untouched, apply the created-motif exclusion at every junction with native sequence. Three exclusions of the saturation alternative, all internal: (i) stratify by the number of NATIVE strong-context AUGs already present in the window, counted directly from channels 0–3 of the stored window — under saturation the K=1 increment must shrink as native AUG count rises, under a dose account it need not; (ii) repeat on the atg2000_stop2000 members, whose windows contain roughly twice as many native competitors — under saturation the K=1 increment shrinks with window width; (iii) fit the per-isoform curve and report the increment from K=1 to K=2 separately from the increment from K=0 to K=1, since presence detection predicts the former is at the method's noise floor. Five members; pilot 500, production 2,000 isoforms.	The AGT-cassette series at the identical K positions — identical footprint, identical base multiset, identical destroyed native bases, differing only in whether each decoy spells a start codon. The native-AUG-count strata and the two window widths are the matched references for the saturation alternative specifically, and they are matched because the same isoforms and the same implants are used across them.	A step function: Δ(K=1) indistinguishable from Δ(K=6) with the K=1→2 increment at the no-op floor, which refutes the graded-dose element and, if it coincides with a K=1 increment that shrinks with native AUG count and with window width, positively establishes presence-detection instead. Also refuting: the AGT control reproducing the curve (a footprint artifact), or the whole curve being predicted by the cumulative ℓ1 change in channel 5.	day
R1-elongation-5	R1	elongation	First AUG wins: the same Kozak operator applied to the transcript's 5′-most AUG versus the annotated start, paired within isoform	The Kozak context (the −6…−1 hexamer) of the 5′-most AUG in the transcript, as distinct from the context of the annotated start codon.	Identify, from channels 0–3 of the stored slot-0 ATG window, the 5′-most ATG inside the filled extent that is (a) not the anchor, (b) ≥10 nt from the window's upstream edge so its −6…−1 hexamer is fully present, and (c) out of frame with the main ORF (readable from its index modulo 3). Roughly 73% of isoforms have their full 5′UTR inside a W=1000 window (median 5′UTR 267 nt), so the transcript's true first AUG is usually in view; report the fraction where it is not and treat those as ineligible rather than as a first AUG. Apply the hexamer permutation operator to that AUG's context, and in the same forward-pass batch to the annotated start's context, in the same isoform. Third anchor in the same batch: a frame-matched non-AUG position the same distance upstream, carrying the identical operator — the geometry control. Five members, both configurations, with exclusion rates reported per anchor. Confirmatory arm before any manuscript statement: the propagated substitution, applying each edit to every slot window containing that coordinate.	The annotated-start anchor in the same isoform is the reference for the first-AUG anchor and vice versa: identical isoform, identical operator, identical exclusion rules, identical forward-pass batch, identical window. The non-AUG geometry anchor at matched distance is the reference for both, and it separates 'an AUG's context' from 'any upstream position's context'.	The two contrasts having the same sign and indistinguishable magnitude per isoform (no anchor specificity), or the non-AUG geometry anchor reproducing the first-AUG contrast (a distance-from-the-anchor artifact rather than a start-codon-context effect), or the first-AUG contrast vanishing while the annotated-start contrast survives — which would say the model reads annotation-adjacent context only, and would be a clean, publishable negative about the instrument's scope.	hours
R1-perturbation-1	R1	perturbation	Termination context (stop+1…+6) read off the stop branch's 32 max-pool winners	The stop triplet plus the six nucleotides immediately 3' of it — the termination hexanucleotide (e.g. TGA-C, a leaky readthrough context, vs TAA-G, an efficient one).	(1) Hook bn2/ReLU of stop_cnn; for 41,765 isoforms x 5 slots take the argmax over length of each of the 32 channels, and use MaxPool1d(return_indices=True) to recover the exact conv1 position that won each of the 7 bins inside conv2's kernel, giving 7 exact 15-nt kernel footprints per (channel, slot). (2) At each winning conv1 position decompose the preactivation exactly into its 9 additive per-input-channel terms (conv1 is linear in the channel axis; residual exactly 0). Keep only channels where nucleotide channels 0-3 carry the majority of positive preactivation mass and channel 5 carries <10%; this discards GC-detector, junction-detector and frame-detector channels by construction rather than by inspection. (3) Tabulate argmax offsets relative to the stop for surviving channels; test concentration at stop+1..+6 against a padding-aware null that excludes any argmax whose 42-nt footprint intersects the midpoint-clip padding. (4) Build PWMs from top-decile-activation footprints separately in PTC+ and PTC- slots (the per-slot conditional verdict readout). (5) Causal validation in N=1,000 PTC+ isoforms: replace the observed stop+1..+6 hexamer by each of its composition-preserving permutations — base counts identical, so channel 5 is exactly invariant and the perturbation footprint is exactly 42 nt.	Three references, per trap 1. (a) Method noise floor: the identity permutation, plus the ~7e-7 production batch-size floor. (b) Other positions: the identical composition-preserving permutation applied to 30 control hexamers at stop+7..+12, +13..+18 and elsewhere in the window, all at the same codon phase — matched because permutation preserves base composition exactly (so channel 5 does not move) and because created-motif exclusion rates differ 23.6% vs 8.7% between codon offsets (trap 3). (c) Matched population: PTC- slots drawn to the same n_downstream_ejc distribution, because the prediction is that the effect exists only where termination is premature.	No surviving nucleotide-dominated channel shows argmax enrichment at stop+1..+6 above the padding-aware null; or the permutation range at stop+1..+6 does not exceed the frame-matched control blocks' range at matched n; or the effect is the same size in PTC- slots, which would make it a generic stop-composition effect rather than termination efficiency.	days
R1-perturbation-2	R1	perturbation	A U-rich tract 4–40 nt 3' of the stop, identified by the 4-nt plateau and 42-nt horizon signatures	A U-rich (poly-pyrimidine) tract of >=8 nt positioned 4-40 nt 3' of the stop codon.	Implant U8 vs A8 — exactly GC-matched, so channel 5 is bitwise identical and the perturbation footprint is exactly 42 nt — at offsets d = 4, 8, 12, ..., 60 and at d = 100, 150, 200, in N=800 backgrounds stratified by PTC status. Exclude implants creating an in-frame stop or AUG, applying the exclusion at matched codon phase to U8 and A8 alike. Three architecture-specific signatures decide it. (i) 4-nt plateau: MaxPool1d(4) bins are stride-4 and aligned to array index 0 while the stop sits at a fixed array index, so Delta-logit(d) should be piecewise constant in blocks of 4 with a phase common to every isoform at a given window size. (ii) 42-nt horizon: if the effect is a joint stop x tract relation it must collapse for d >~ 40, because no single conv2 unit can see both; if it is flat out to d=200 it is bulk composition. (iii) Exact channel mediation: because the branch output IS the 32 channel maxima, restore individual channels' maxima to their pre-implant values between the encoder's max and its fc and re-run the rest of the network exactly — this is an intervention, not an attribution, so there is no completeness error.	A8 at the same offsets in the same backgrounds: identical length, identical base composition class (GC=0 for both, so channel 5 is unchanged), identical frame phase, identical created-motif exclusion. Plus a within-isoform reference — the same U8-vs-A8 implant at matched offsets 5' of the stop, inside the CDS, where the termination-coupling hypothesis predicts nothing.	No lag-4 periodicity above lags 1-3; or the effect at d=200 equals the effect at d=8; or the implant's Delta is spread over more than ~10 of the 32 channels under exact mediation; or U8 and A8 are indistinguishable at matched n.	days
R1-perturbation-3	R1	perturbation	3-periodic coding-like composition in the 42 nt downstream of the stop (the faux 3'UTR signature)	Codon-position-specific base composition — the 3-periodic GC3/codon-usage signature — in the first ~42 nt 3' of the stop codon, read in the upstream ORF's own reading frame, at fixed bulk GC.	Restrict to PTC+ slots (reference-AUG anchored, junction >50 nt downstream), where the downstream region has a defined frame. Apply synonymous recoding over tracts of length L = 9, 15, 21, 30, 42, 60, 120 nt starting at stop+1, in the upstream ORF's frame, in two directions: (a) maximize codon-position-specific composition contrast, (b) minimize it toward uniform. Hold amino-acid sequence identical and bulk tract GC constant to within one codon's worth; report residual channel-5 movement and regress it against a channel-5-only control. Architecture-derived prediction: conv1's k=15 kernel spans five codons and is the only place a periodicity detector can live, and MaxPool1d(4) over a period-3 signal is near-constant, so detection should step between L=9 and L~15 and saturate by L~42 (conv2's receptive field). A response that keeps growing to L=120 is bulk composition, not a periodicity detector.	(a) The low-periodicity recoding is the matched partner of the high-periodicity recoding: identical amino acids, identical bulk GC, identical length, identical frame phase — the only thing that differs is codon-position composition. (b) The same paired recoding applied inside the CDS 5' of the stop, where the composition change is identical but the biology predicts no NMD consequence. (c) Recoding always respects codon boundaries, so phase is fixed by construction (trap 3).	High- and low-periodicity recodings indistinguishable at matched GC; or a monotonic response growing to L=120 with no step near 15 and no plateau near 42, which would say it is bulk composition; or the 5'-of-stop control showing the same effect size.	days
R1-perturbation-4	R1	perturbation	Re-admitting the invisible half: real unselected oORFs as slots 6–8	An upstream, out-of-frame AUG whose ORF reads past the main start codon and terminates inside the CDS (an oORF), together with its -3 purine start context — specifically the ~half of real upstream-PTC-bearing ORFs that the top-5 selection discards (12,010 in the full scan vs 5,913 in the slots).	No parameter depends on K and the model is permutation-invariant across slots, so the checkpoint runs unchanged at K=6-8. For ~4,000 isoforms carrying at least one unselected qualifying upstream ORF in the full scan, encode the extra slot's two windows with the same encode_window_v5 and midpoint-clip code and its true five tabular values, and measure per-isoform Delta-logit against the K=5 baseline. Three controls make it interpretable. (i) Exact null: add the slot but leave it masked — masked softmax sets it to -inf, giving it exactly zero weight, so Delta-logit must be exactly 0.0; any nonzero value is a bug, not a finding. (ii) Dilution baseline: re-admit a byte-identical copy of an existing slot, which perturbs the softmax denominator identically but adds no information. (iii) Matched decoy: re-admit a real unselected ORF from the same transcript matched on orf_length, frac_start, frac_stop and n_downstream_ejc, differing only in oORF-vs-uORF class or in the -3 base. Because attn_score sees one slot at a time, no cross-slot relation is computable — so if oORF class registers at all it must be carried by the added slot's own sequence, which localizes the element to that window.	The matched decoy — matched on all five tabular features so any residual difference is attributable to sequence — plus the dilution baseline, which isolates the pure softmax-denominator effect that would otherwise be mistaken for the finding. This is the specific failure mode that killed inference-time flag ablation (it shrank controls 0.66x alongside targets 0.42x); here the denominator effect is measured directly rather than assumed away.	A GBM on the added slot's five tabular numbers predicts Delta-logit with R^2 > 0.9, meaning no sequence element is involved; or oORF and matched-uORF re-admissions are indistinguishable; or the masked-slot null is not exactly 0.0, which invalidates the whole setup.	days
R1-perturbation-5	R1	perturbation	The -6…-1 Kozak block as a selection element, split exactly into selection and verdict	The hexamer immediately 5' of the start codon — the extended Kozak block (gccRcc) — treated as a block rather than as six independent bases.	(1) Use the head-swap form, already implemented and guarded in analysis_plans/probe_head_swap.py (manual reconstruction checked against model(...), ensemble dAUC -0.0008, per-member table in the run log), so that logit = sum_r alpha_r v_r exactly with v_r = g(e_r) a per-slot verdict. The perturbation then splits exactly: Delta-logit = sum_r Delta-alpha_r * v_r + sum_r alpha_r * Delta-v_r + sum_r Delta-alpha_r * Delta-v_r, three terms with zero residual by arithmetic. (2) The operator is a composition-preserving PERMUTATION of the -6..-1 hexamer: all four base counts held exactly, so channel 5 is exactly invariant and the perturbation footprint is exactly the 42-nt receptive field. (3) Per isoform, compute the range of logit over the permutation set and the selection/verdict share of that range. (4) Because sum_r Delta-alpha_r = 0, test whether the redistribution is DIRECTED: does weight move specifically toward the slot with the higher n_downstream_ejc, or merely away from the perturbed slot? Only the former supports a selection mechanism.	The identical permutation operator applied to 30 frame-matched control hexamers elsewhere in the same ATG window, at the same codon phase, in the same isoforms — matched because permutation preserves base composition exactly (channel 5 unmoved) and because the control blocks share the isoform, the window, the padding state and the frame (trap 3). Plus a matched population: the split must be computed at matched slot attention, since the brief already measured that the Kozak effect reverses sign between attention terciles (+0.0058 middle, -0.0024 top).	The permutation range at -6..-1 does not exceed the frame-matched control blocks' range at matched n; or the Delta-alpha term is not the dominant term, which would say Kozak acts as a verdict feature and contradict the selection story; or the attention redistribution is undirected with respect to the receiving slot's PTC status.	day
R1-probing-1	R1	probing	The 50-nt boundary is a learnable distance element: slide the junction mark 3' of the stop with the EJC count pinned	An exon-exon junction located d nt 3' of the in-frame stop codon, carried as a single 1.0 in channel 4 of the stop window. The element is the ORDERED DISTANCE RELATION (stop codon, junction) -- not the junction, and not the count of junctions.	SLIDE, don't implant, as the primary arm -- this is the on-manifold choice. Select isoforms whose slot-0 stop window has EXACTLY ONE channel-4 mark in the downstream half, whose ORF is >=400 nt (so the midpoint clip leaves >=200 nt of filled upstream room), and whose downstream half is filled to at least +250 (test with frame_span(), already implemented in analysis_plans/measure_position_bank.py:64). For each isoform, zero the existing mark and re-place it at d in {+4,+8,...,+240} and, as the control arm, at d in {-4,...,-200} (upstream of the stop, still inside the window). Recompute channel 5 over the filled extent with the existing recompute_gc() -- it will be numerically unchanged, since channel 4 does not enter the GC computation; assert that, as the cheapest possible correctness guard. CRITICALLY: hold orf_features at its baseline value for every offset, including the upstream arm. The tabular block is therefore bit-identical across the entire sweep, so no part of the curve can be attributed to the count. Score all 5 sweep checkpoints (seeds 100-500, results_4ct_sweep). Secondary arm: IMPLANT a mark into isoforms with zero downstream junctions, for shape agreement with the slide.  SPURIOUS IF: (a) the curve tracks the window's padding boundary or the transcript end rather than the stop -- excluded by requiring fill to +250 and by verifying the curve is invariant to how much filled sequence lies beyond the last offset; (b) the mark is off-manifold because real junctions sit on splice-derived exon-end composition and my relocated mark does not -- this is exactly why the primary arm SLIDES an existing mark (the (nucleotide, mark) joint is wrong only in position, never in existence or count) and why the implant arm is secondary and required only to agree in SHAPE, not in level; (c) the effect is the no-op floor -- bounded by re-placing the mark at its original d, which must return |delta| <= 3.3e-5 (the measured floor in probe_ism_cost_runlog.txt).  ADJACENCY TO A DEAD METHOD: this is NOT inference-time flag ablation (brief section 6). That method removed information and was found to measure attention dilution. Here the information content of the tabular block is held exactly constant and only a position moves; there is nothing to dilute.	THREE references, as trap 1 demands. (1) Method noise floor: re-placing the mark at its original position, which is an exact no-op and bounds every effect from below (measured floor 3.3e-5). (2) Other positions: the upstream arm -- the identical single mark, identical nucleotides, identical tabular count, identical GC, moved only to the 5' side of the stop where the biology says it is inert because elongating ribosomes have already stripped it. This is matched on every quantity in the input except the sign of the stop-junction relation, which is the whole hypothesis. (3) Matched population: isoforms are paired with themselves (every offset is the same isoform), and the population is additionally stratified by baseline n_downstream_ejc and by stop-codon identity so the breakpoint distribution is not read off a composition-skewed subset. A fourth, observational reference already exists in the data for free: isoforms whose only downstream junction lies WITHIN 50 nt of the stop are counted as EJC-positive by the tabular feature but are not PTC-positive biologically -- if the model's slide curve has a real boundary, its predictions on that natural-experiment stratum must be shifted toward non-NMD relative to the count-matched >50 nt stratum.	Three distinct negatives, all informative and all pre-registered. (1) FLAT: the curve is within the no-op floor at every d, in both arms. Conclusion: channel 4's position carries nothing; the model's entire EJC signal is the tabular count, and the 'structural branch dominates' result in the brief is a statement about an annotation, not about sequence. (2) BREAK AT ~42 nt WITH A 4-nt STAIRCASE: that is conv2's receptive field and mid_pool(4)'s quantization, not biology. The honest claim collapses to 'the architecture can only represent junction proximity out to 42 nt', which refutes the biological reading and simultaneously identifies the fix. (3) GRADED, NO BREAK: refutes the step sub-hypothesis; the model encodes junction distance as a continuous discount, which is not the textbook mechanism. Only a break in the 46-58 nt range, absent from the upstream arm, supports the claim as biology.	hours
R1-probing-2	R1	probing	The stop tetranucleotide (stop codon plus its +4 base) modulates susceptibility, tested by matched-substitution rather than matched-base	The four nucleotides at the termination site: the stop triplet itself (TAA / TAG / TGA) and the nucleotide immediately 3' of it, e.g. TGA|C (leakiest) versus TAA|A (tightest). The element is the tetranucleotide, localized at the stop anchor in the stop window.	TWO operators, both anchored at the stop in the stop window, both with channel 5 recomputed over the filled extent and channels 6-8 untouched (the stop stays a stop, so the frame one-hot and every tabular number are unchanged). (a) STOP IDENTITY: substitute TAA <-> TAG <-> TGA at the anchor. ORF geometry, orf_features and the midpoint clip are all invariant. The composition confound is real and severe (TGA carries a G), and the fix is to match the SUBSTITUTION rather than the base: apply the IDENTICAL single-base change, at the identical offset within an in-frame codon, at codons -3, -6, -9, +3, +6, +9 relative to the stop, where the same base lands in a non-stop context inside the same window at matched distance. The contrast is (delta at the stop codon) minus (mean delta at the matched non-stop codons). A position-independent base preference -- the exact confounder that killed Kozak +4 in section 5 -- cancels identically in that difference and cannot survive it. (b) THE +4 BASE: GC-matched operators ONLY (A<->T and G<->C), per trap 2, which reported control positions 100% same-signed with |t| median 5.79 under a G-vs-notG operator. Stratify by whether slot 0 carries a junction beyond 50 nt (derivable from junctions.tsv plus the ORF stop; the tabular count alone will not do, since it has no distance filter). MATCHING FOR (b) IS WITHIN-GENE: use label-discordant sibling isoforms of the same gene that DIFFER in slot-0 downstream EJC status. The brief states 21.9% of discordant pairs share slot-0 EJC count, so the complementary 78.1% are the pairs this test wants -- same gene, same broad sequence context, opposite EJC status. That makes the conditionality contrast within-gene rather than a between-population comparison of unlike transcripts. SPURIOUS IF: the effect is base composition (excluded by the matched-substitution difference in (a) and by GC-matched operators in (b)); or the model is reading 'last real codon before padding' rather than a stop (excluded by requiring the downstream half filled to >= +200); or +4 correlates with 3'UTR GC (excluded by the GC-neutral operator plus channel-5 recomputation, which together leave channel 5 bit-identical -- assert it).	(1) Noise floor: substituting the observed base for itself, bounded at 3.3e-5. (2) Other positions: the SAME base change at the SAME within-codon offset at codons +/-3, +/-6, +/-9 from the stop -- matched on the substituted nucleotide, on frame offset (trap 3: exclusion rates differ 23.6% vs 8.7% between codon offsets), on distance from the anchor, and on the local GC support that channel 5 integrates. This is the reference the Kozak +4 result never had, and it is why this proposal is not that proposal repeated at a different anchor. (3) Matched population: within-gene label-discordant sibling pairs differing in slot-0 EJC status -- controls gene identity, expression context and broad composition, and reuses the validity framework already trusted in section 5 (concordance 0.919 overall, 0.803 at matched EJC count).	If the stop-identity delta is indistinguishable from the matched non-stop-codon deltas, the model does not read stop identity and the existing stop-codon frequency result (10_export_stop_codon_freq_sf37.py) is a compositional or selection artifact of which ORFs get scanned, not a causal element. If the +4 effect is present but EQUAL in EJC-positive and EJC-negative siblings, it is a global base preference and is refuted by its own mechanism -- a termination-efficiency element cannot act where there is no EJC to strip. That second negative is the sharp one: an effect that survives without the conditionality is a confounder, and section 7 note 7 warns this has already happened twice.	hours
R1-probing-3	R1	probing	The start codon is a composite element, not a base preference: an epistasis null built from the 42-nt receptive field	The composite AUG-plus-context element: the AUG trinucleotide together with the purine at -3, required JOINTLY within a single 42-nt window. Secondarily, the stop-plus-junction composite (stop triplet with a channel-4 mark <42 nt downstream).	TWO coupled experiments in the slot-0 start window, both using GC-NEUTRAL operators (A<->T, G<->C) at EVERY perturbed position, so that channel 5 is bit-identical before and after -- assert max|delta channel 5| == 0 as a hard guard. This single constraint is what makes a two-position perturbation interpretable at all, because two nearby substitutions otherwise share ~50 nt of rolling-GC support and delta_ij != delta_i + delta_j for a purely compositional reason. (a) TRAVELLING-AUG IMPLANT. At offsets o in {-90,-87,...,-9} and {+9,...,+90} (frame offset recorded, both in-frame and out-of-frame with the native AUG), implant ATG, and as the matched control implant ATC. ATG->ATC is a single G->C change -- GC-neutral, one base different, same length, same position -- so the pair differs in START-CODON IDENTITY and in essentially nothing else. Then run a local ISM at o-4..o-1 and o+4 in both backgrounds. The claim is that a -3 sensitivity appears in the ATG background and not in the ATC background. (b) PAIRWISE EPISTASIS WITH AN ARCHITECTURAL NULL. For an anchor position i (the A of the native AUG; separately, the T of the stop in the stop window), sweep partner positions j at separations 3..120 nt. Measure delta_i, delta_j, delta_ij and form epsilon_ij = delta_ij - delta_i - delta_j. THE NULL IS FREE AND EXACT: for |i-j| > 42 nt no conv2 unit sees both positions, batchnorm is in eval mode and is per-channel affine (it cannot couple positions), and the only remaining path is the global max -- so epsilon at separations >42 nt is the distribution of 'interaction that is NOT a composite motif', measured with the identical operator, the identical isoforms, the identical bases and the identical GC guarantee. That is a null built from the architecture rather than from a shuffle, which matters because the project's shuffle-based null already died (dinucleotide shuffle of a 3-mer is the identity map). SPURIOUS IF: epsilon at short separation is GC coupling (excluded by the bit-identical channel-5 assertion, which is checkable, not argued); or the implanted ATG changes which ORFs would be selected (it does not -- this arm is window-local and slot membership is fixed by construction; the on-manifold version of that concern is the separate full-rescan proposal); or the implant creates an in-frame stop or a second ATG (excluded by the created-motif exclusion already implemented at measure_position_bank.py:146-153, applied to both the ATG and ATC arms so the exclusion RATE is matched -- trap 3).	(1) Noise floor: the no-op substitution, 3.3e-5. (2) Other positions: the >42 nt separation arm for epistasis -- matched on operator, isoform, base identity, exclusion rate and GC invariance, differing ONLY in a separation the architecture cannot bridge with a joint filter. And the ATC implant for the travelling-AUG arm -- matched to one GC-neutral base. (3) Matched population: within-isoform pairing throughout; both arms of every contrast are the same isoform and the same checkpoint, so gene identity, expression and label are held exactly.	If the epsilon distribution at <42 nt separation is indistinguishable from the >42 nt distribution, the model holds NO composite sequence elements and every element it uses is a marginal single-position preference. That is a strong, publishable constraint on what 34,050 parameters with 32 conv channels per branch can encode, and it also retroactively validates the marginal ISM design the project has been using. If implanted AUGs produce no new -3 sensitivity while the native -3 does, then -3 is not part of a start-codon composite and the Kozak claim cannot be stated as 'the model reads Kozak context'; at best it reads a base at an index. If implanted AUGs produce a LARGER -3 sensitivity than the native AUG, the saturation explanation is confirmed and the tiny marginal effect stops being evidence against the element.	day
R1-probing-4	R1	probing	The oORF cassette: an upstream ORF whose stop lies out of frame INSIDE the CDS, implanted through the full scan-and-select pipeline	A minimal upstream ORF cassette -- gccRccAUGG + N sense codons + an in-frame stop -- implanted at a defined offset in the 5'UTR. The element is the FRAME RELATION between the cassette's stop and the main AUG: a cassette terminating in the 5'UTR (leaky, reinitiation-competent) versus the same cassette shifted 1 nt so it reads past the main AUG out of frame and terminates inside the CDS (an oORF, no reinitiation rescue).	A FULL-PIPELINE IMPLANT, which is the point -- every perturbation in this project so far has been window-local, and the brief's own open question 4 flags that as 'the off-manifold version'. Edit the transcript FASTA; re-run an ORF scan over the edited sequence; re-run the documented priority selection (reference CDS, then TD2 CDS, then top Kozak, ties by transcript order -- select_priority_orfs, data_prep.py:515); re-encode ALL K windows for ALL slots; re-score. Junction coordinates shift by the insert length downstream of the insertion point and must be shifted too, and n_downstream_ejc must be recomputed for every slot. GUARD, and it is the whole credibility of the arm: the harness must reproduce results_4ct_dn/selected_orfs.tsv exactly on UNEDITED transcripts before a single edited one is scored. BACKGROUNDS: the 15,765-isoform 'PTC-, no trigger' class (2.2% NMD+), which has headroom and no competing trigger. THREE IMPLANTS PER BACKGROUND PER OFFSET, all the same length: (i) cassette in frame f such that its stop falls in the 5'UTR; (ii) the SAME cassette at offset o+1 so the ORF reads past the main AUG out of frame and terminates in the CDS; (iii) the same cassette with ATG mutated to ATC -- composition matched to one GC-neutral base, creates no ORF, and therefore cannot displace anything from the top-5 slots. SPURIOUS IF: (a) the effect is slot DISPLACEMENT rather than the element -- a new ORF can push a real one out of the 5 slots, and the brief already documents that only 5 of a mean 36.6 ORFs are kept. Excluded by recording per implant whether slot membership changed and reporting the effect separately for changed and unchanged, and by the ATC control, which alters composition identically but creates no candidate; (b) composition/GC -- excluded by drawing cassette interiors from DINUCLEOTIDE-SHUFFLED 30-mers of the recipient 5'UTR. Note the adjacency to section 6: what died there is the dinucleotide-preserving shuffle of a 3-MER, which has exactly one arrangement and is the identity map. A 30-mer does not have that property, and the number of distinct arrangements should be counted and reported per cassette rather than assumed; (c) the midpoint clip or the transcript-end fill changes for an existing slot -- recorded and required unchanged, or the isoform is dropped. STATED FLOOR: the ORF scan has a 33-nt minimum, so cassettes must be >=33 nt and a canonical 3-codon regulatory uORF (ATF4 uORF1) cannot be implanted at all. That is a limitation of the instrument, and it is worth reporting as one.	(1) Noise floor: implanting the cassette and then reverting the edit -- exercises the whole re-scan path and must return to the baseline logit bitwise, which is a much stronger floor than a window-local no-op because it tests the harness as well as the model. (2) Other positions: implants (i) and (ii) at offsets o and o+1 -- identical sequence, identical length, identical Kozak, identical composition, positions differing by 1 nt. Nothing except the frame relation to the main AUG differs. This is the tightest matched reference available anywhere in this project. (3) Matched population: the ATC-start control at the same offset in the same isoform, which isolates 'a new ORF exists' from 'new bases exist'.	If (ii) minus (i) is indistinguishable from zero while (i) minus (iii) is clearly positive, the model registers 'an upstream ORF was created' but not the frame relation that distinguishes the potent class from the leaky one -- the expected negative, and it is the finding. It converts an architectural argument (attn_score is per-slot, frame channels are ORF-relative) into a measurement, and it is the concrete justification for a cross-slot retrain, which is otherwise being argued from code reading alone. If (i) minus (iii) is ALSO zero, then implanting a bona fide upstream ORF into a naive background does not move the prediction, and the model's uORF signal is entirely a selection artifact of which ORFs occupy the slots -- which would reframe the whole upstream-ORF section of the manuscript. If the paired difference is positive as predicted, the model has learned a relation the architecture was not obviously able to hold, and that itself needs explaining (most likely via n_downstream_ejc differing between the two cassettes, which must be checked before any positive is believed).	days
R1-probing-5	R1	probing	Transcript extent 3' of the stop as an element: a two-arm truncation ladder that separates 3'UTR length from EJC count	The amount of transcript sequence present 3' of the stop codon -- long-3'UTR / EJC-independent NMD. Encoded to the model as the FILLED EXTENT of the stop window's downstream half, which is unclipped except by the transcript end, so 'padding begins at +L' literally means 'the transcript ends at +L'.	A PAIRED TRUNCATION LADDER on slot 0's stop window. Select isoforms whose downstream half is filled to at least the 60th percentile of observed fill. For remaining extents L in {450,400,...,100,50,25,0} (never truncating below the 5th percentile of the real fill distribution, so BatchNorm's running statistics are never asked to generalize outside their calibration range), zero all 9 channels at positions beyond +L and recompute channel 5 over the new filled extent with the existing recompute_gc(). WHY ZEROING IS LEGITIMATE HERE, and why this is not the dead entry: section 6 kills NAIVE ZEROING AS MODALITY DROPOUT, a TRAINING-time failure -- with the input identically zero, dL/dW = delta.x^T = 0 exactly, so the weights reading it cannot relearn. That argument is about gradients and does not apply at inference. More importantly, an all-zero column is not an arbitrary off-manifold value in this encoder: it is EXACTLY the representation the encoder uses for 'transcript ended here' (encode_window_v5 zero-fills beyond w_end, data_prep.py:130-146). Occlusion by zeroing is therefore ON-manifold in this specific architecture, which is a rare and checkable property and should be stated as the design's justification rather than glossed. TWO ARMS, and the two-arm structure is the proposal:   ARM A (biologically consistent): remove channel-4 marks beyond +L and decrement n_downstream_ejc accordingly. This is 'the transcript ends at +L'.   ARM B (sequence-only): truncate the nucleotides but hold every channel-4 mark and the tabular count at baseline. Physically impossible, deliberately so. Arm A minus arm B is the EJC contribution to the truncation; arm B's residual dose-response is the bare length element with the EJC route pinned shut. That difference is what no single-arm design can deliver, and the EJC/length confound is precisely the one this project keeps re-encountering. SPURIOUS IF: (a) it is the GC recomputation over a shorter support -- excluded by matching, per isoform, the GC content of the removed segment between the downstream arm and the inward control arm to within 2%; (b) it is BatchNorm drifting on unusual fill fractions -- excluded by the 5th-percentile floor and by verifying that the effect is present within the interquartile range of real fills; (c) it is the junctions alone -- that is the entire point of arm B.	(1) Noise floor: truncating zero positions, an exact no-op through the identical recomputation path. (2) Other positions: the INWARD control arm -- remove the same NUMBER of positions, with per-isoform matched GC content, from the CDS-side (upstream) end of the stop window instead. That side is bounded by the ORF midpoint clip rather than by the transcript end, so removing it does not mean 'the transcript is shorter'; it is matched on count, on composition, on the channel-5 recomputation path and on the model's exposure to zero columns, and differs only in which side of the stop the removal happens. (3) Matched population: paired within isoform at every rung, and stratified by baseline fill and by n_downstream_ejc so the slope distribution is not read off transcripts that are all short or all EJC-rich.	If arm B is flat within the no-op floor at every rung while arm A is not, the model has NO 3'UTR-length element and its entire downstream signal is the EJC count -- EJC-independent NMD is simply not represented, which is a clean, stateable limitation and a constraint on how the manuscript can describe the model's coverage of NMD mechanisms. If BOTH arms are flat, the downstream half of the stop window contributes nothing beyond what the tabular block already carries, which would call into question the value of the 1000/2000-wide stop window entirely and has direct architectural consequences. If the inward control arm shows the same slope as the downstream arm, the effect is 'zeros were added' rather than 'the transcript got shorter', and the finding is withdrawn.	hours
R1-architecture-1	R1	architecture	The stop-to-junction distance boundary: is it 50 nt (biology) or 42 nt (the receptive field)?	An exon-exon junction mark (input channel 4) located exactly d nucleotides 3' of the termination codon. The element is the junction's POSITION relative to the stop, not the count of downstream junctions.	Background population: the 15,765 'PTC- no trigger' isoforms, where implanting one mark creates the trigger de novo against a clean baseline. Grid d in {6,12,...,300} in the stop window's downstream half (unclipped except by transcript end). 2x2 factorial per d: (channel-4 mark implanted / not) x (n_downstream_ejc incremented by 1 / left at the observed value) - this separates 'junction as a positioned sequence event' from 'junction as a tabular count' rather than confounding them. Mirror arm: the identical mark at -d, upstream of the stop inside the CDS, where junctions are real and NMD-neutral. Eligibility applied identically at every d: filled extent covers d +/- 25, no real junction within 25 nt of the implant site. Channel 5 is untouched by a channel-4 edit, so the operator is composition-neutral BY CONSTRUCTION, not by matching - the first operator in this project for which trap 2 cannot operate. Per isoform, fit Delta_i(d) with a monotone-constrained isotonic regression and take b_hat_i as the largest discrete jump. Repeat the whole bank anchored on the ref-AUG-traced stop and on a Kozak-fill slot, so the answer does not condition on the annotated ORF (trap 6).	Three references, all required. (i) METHOD FLOOR: implanting a mark where one already exists is a no-op; its |effect| is the arithmetic floor and every effect is reported against it. (ii) POSITION-MATCHED: the upstream mirror at the same |d| carries an identical channel-4 edit, identical mark count, identical composition and identical recomputation path, but no NMD meaning. Every statistic is reported as target-minus-mirror at matched |d|. This is precisely how the design escapes the dead inference-time flag ablation (brief section 6): that method died because it shrank control positions (0.66x) alongside targets (0.42x), i.e. it measured global attention re-weighting. Differencing target against mirror at each d cancels any global re-weighting term exactly, because both arms perturb the same slot's same channel by the same amount. (iii) POPULATION-MATCHED: the same implant in PTC+ isoforms (n=6,864, already 70.0% NMD+), where an added junction should saturate - a dose-response prediction, not a single contrast.	(a) Delta_i(d) flat with no breakpoint above 10x the floor: the model's junction knowledge is entirely in the tabular n_downstream_ejc and channel 4 is decorative - which would retire several downstream claims about sequence contribution. (b) b_hat concentrated at 40-44 with 4-nt quantization matching the mid-pool stride: the boundary is the instrument's receptive field, not biology, and cannot be stated as a discovered element. (c) Target-minus-mirror null while both arms individually move: attention dilution, not distance. (d) In the retrain arm, unchanged test AUC after positional shuffling of channel-4 marks: positional junction information is unused and the premise fails outright.	retrain
R1-architecture-2	R1	architecture	uORF start-codon context acts on the NMD verdict through ORF selection, not through the verdict on any one ORF	The -6..-1 start-codon context, and specifically the -3 purine, of an UPSTREAM PTC-generating ORF - the Kozak strength of a uORF/oORF AUG. Not the main AUG's context, which is what has been measured so far.	Use the already-validated factorized head (probe_head_swap.py: ensemble dAUC -0.0008, rank correlation 0.9995, manual-form guard 1.43e-06). Per isoform, set slot r = the most upstream ORF starting 5' of the reference AUG. Run the existing measure_position_bank.py with --slot r over the frame-offset-matched bank (targets -3 and +4; 37 controls at the same codon frame offset). For each (isoform, member, position, operator in {A_vs_T, G_vs_C} - the two GC-neutral operators): TE = g_fac(alpha', e') - g_fac(alpha, e); NIE = g_fac(alpha', e) - g_fac(alpha, e); NDE = g_fac(alpha, e') - g_fac(alpha, e). Because attn_score sees one slot at a time (model.py:152), the mediator is a single scalar s_r and alpha = softmax(s); the mediator is deterministic, fully observed, and the treatment is assigned by us, so these are EXACT natural direct/indirect effects with no sequential-ignorability assumption and no completeness error - which is why this is not adjacent to the dead DeepSHAP/gradient route (129-307% completeness error) or to branch-Shapley credit assignment. Nothing is decomposed additively; everything is re-scored. Then fit, over isoforms, NIE ~ alpha_r(1-alpha_r)*(g(e_r) - g_bar) * PTC_r with gene-clustered standard errors. Two pre-registered coefficients: the slope and the PTC interaction, alpha = 0.025 each.	(i) The 37 frame-offset-matched control positions, each carrying the identical operator, identical created-motif exclusion rule and identical mediation decomposition; slope, interaction and excess rate are each reported as a percentile within the control set, and the control set's own median |t| and sign-agreement rate are printed alongside (across-member agreement alone is worthless - controls agree 65-92% against a 6.25% chance rate). (ii) Population-matched: the same perturbation in isoforms whose slot-r stop is NOT a PTC by the >50 nt rule. (iii) The no-op floor. Percentile resolution and family-wise error are stated: 37 controls give 38 attainable ranks, and with two operators x two positions the best-of-4 family-wise rate is ~1 in 10, so percentiles are reported as comparisons and never as tests.	(a) NIE and NDE both at the control percentile: the element is not read at all. (b) NIE positive but the PTC interaction null: the model reads initiation strength as a generic feature and does not route it to a verdict - the mediation story is wrong even though a number moved. (c) NDE dominating NIE: the context is being read as a property of that ORF's own NMD verdict, which is not the biology and points at a residual composition artifact. (d) The alpha(1-alpha) slope null while the mean effect is nonzero: the attention-tercile sign reversal in the brief (+0.0058 middle, -0.0024 top) is not softmax geometry and needs a different explanation. Note the guard against a vacuous confirmation: the alpha(1-alpha) form is mechanically true of ANY softmax, so the slope alone is not evidence - only the slope TOGETHER WITH the PTC interaction is.	day
R1-architecture-3	R1	architecture	Sibling chimeras: transplant 100-nt tiles between label-discordant isoforms of the same gene to localize the causal sequence difference	The 100-nt sequence tile, within the start or stop window, that carries the transferable NMD difference between two isoforms of one gene with opposite labels. The tile is the discovery unit; the element is then NAMED post hoc on the tiles that transfer (junction position, stop codon identity, GC, motif) and re-tested by the targeted operators of the other hypotheses.	Build the within-gene, label-discordant sibling pair table and RESTRICT to the subset that shares slot-0 n_downstream_ejc - the brief's own harder validity subset (21.9% of pairs, within-gene concordance 0.803 there against 0.919 overall) - so the dominant structural feature is held fixed by design rather than adjusted for. For each pair (A NMD+, B NMD-), tile each 1000-nt window into 10 tiles of 100 nt. For tile t build the chimera B<-A_t: replace tile t of B's slot-0 window with A's aligned tile, recompute channel 5 over the filled extent exactly as data_prep does, and leave every tabular feature at B's values. Measure transfer_i(t) = [f(B<-A_t) - f(B)] / [f(A) - f(B)], both directions. Three sham arms: (i) B<-B_t, an exact no-op, giving the floor; (ii) tiles where A and B are byte-identical - this exercises the full splice-and-recompute machinery while carrying zero information, and is the SEAM control; (iii) a donor tile from a GC-decile- and junction-count-matched isoform of a DIFFERENT gene. Note what this design does not need: every input is real sequence in a real context, so the off-manifold objection that killed frame-rotation probes and that the Analysis 5 propagated-substitution control exists to police simply does not arise.	(i) The IDENTICAL-TILE sham is a within-pair, on-manifold, zero-information control that still incurs every seam and recomputation artifact - it is the exact matched reference for 'does splicing anything in move the prediction'. (ii) The cross-gene GC- and junction-matched donor is the composition- and structure-matched but biologically unrelated reference; it separates 'the specific sibling difference' from 'generic disruption'. (iii) The no-op floor. (iv) Gene identity is held fixed by construction, so the confounder class that has twice produced a confident-but-wrong negative in this project (trap 7 - population differences masquerading as sequence effects) cannot operate at all.	(a) Transfer fractions flat across tiles: the gap is not localizable in the sequence windows and is carried by the tabular block, which the design deliberately holds at the recipient's values - that is itself a reportable result bounding what sequence contributes. (b) The identical-tile sham transferring as much as informative tiles: the seam artifact dominates and the method is dead on arrival, which is exactly what a control that can fail is for. (c) The cross-gene matched donor transferring as much as the sibling donor: the effect is generic window disruption, not the specific difference. (d) Argmax tiles uniformly distributed while median transfer is nonzero: an effect exists but is not attributable to a nameable element, and the discovery goal fails even though a statistic is significant.	days
R1-architecture-4	R1	architecture	Stop codon identity read as a composition-identical permutation: UAG vs UGA, an intervention provably orthogonal to the entire tabular block	The stop trinucleotide, contrasted as UAG versus UGA - an exact mononucleotide permutation of the same three bases - crossed with the +4 base (the readthrough tetranucleotide UGA-C).	In slot 0's stop window, substitute the stop codon among {UAA, UAG, UGA} and the +4 base among {A,C,G,U}: 12 cells, channel 5 recomputed over the filled extent, baseline built through the identical recomputation path. THE HEADLINE OPERATOR IS UAG vs UGA ALONE, because those two are arrangements of the same mononucleotide multiset: channel 5 is bit-identical between them, and frac_start, frac_stop, is_ref_cds, is_sqanti_cds and n_downstream_ejc are all invariant by construction because no ORF boundary and no junction changed. This is the only intervention available in this project that is PROVABLY orthogonal to the entire tabular block and to the GC channel simultaneously, which is a direct answer to trap 2 (under a G-vs-notG operator control positions are 100% same-signed with median |t| 5.79). UAA is retained as the composition-shifted arm purely to quantify how much of any UAA effect is composition rather than identity. This is explicitly NOT the dead dinucleotide-preserving 3-mer shuffle: that operator is the identity map because 100% of 64 3-mers have exactly one valid dinucleotide-preserving arrangement, whereas UAG and UGA are two DISTINCT arrangements of one mononucleotide multiset.	(i) Frame-matched control positions elsewhere in the stop window carrying the same A<->G transposition operator at the same codon frame offset, giving the operator's own null. (ii) The CEM-matched PTC- population, which is the population reference and the falsifier. (iii) The no-op floor. (iv) A positional mirror: apply the same UAG<->UGA transposition to an in-frame codon 30 nt upstream of the stop (a Trp/Arg-encoding codon) - the identical base edit, identical frame offset, identical composition, no termination meaning.	(a) No UGA-vs-UAG difference above the control-position percentile in PTC+, with the equivalence test bounding it below 0.01 logit - a clean, statable negative. (b) An equal difference in the CEM-matched PTC- population: a local sequence preference, not a termination effect. (c) The sign inverted relative to readthrough biology (UGA MORE NMD-prone): the model has learned the genomic correlation between stop identity and 3'UTR composition rather than termination efficiency, and the finding cannot be stated as mechanism. (d) The +4 factor showing the same pattern at the positional mirror: the +4 effect is a generic base preference, which is exactly what the brief already found for Kozak +4.	day
R1-architecture-5	R1	architecture	Is the AUG triplet itself a 5'UTR element to this model, outside the ORF-slot machinery? A mononucleotide-permutation implant	A single AUG triplet implanted in the 5'UTR at a controlled offset from the main AUG and in a controlled reading frame relative to it.	Population: isoforms with a reference-AUG anchor, at least 150 nt of 5'UTR inside slot 0's ATG window, and ZERO AUG upstream of the main AUG in the full ORFik scan (1,540,674 ORFs over 42,043 isoforms), so the implant is the only upstream AUG present. Implant at offsets -40, -70, -100, -130 from the main AUG, at all three frames, recomputing channel 5 exactly as data_prep does. CONTROL ARRANGEMENTS: AGT, GAT and GTA - the three stop-free mononucleotide permutations of ATG - at the identical offsets; TAG and TGA are excluded because they create stop codons. Channel 5 is bit-identical across all four arrangements, so composition is controlled by construction. This is explicitly not the dead dinucleotide-preserving 3-mer shuffle (which is the identity map on every 3-mer); it is a mononucleotide-preserving permutation set with three distinct usable members. Frame-offset matching (trap 3) is enforced by balancing implant offsets mod 3 across the design rather than assumed. POSITIVE CONTROL THAT MUST FIRE: the same permutation operator applied at slot 0's actual start codon (ATG -> AGT). NEGATIVE CONTROL: implant in-frame inside the CDS at least 60 nt downstream of the main AUG, where an AUG is merely a Met codon. Crucially, the implanted ORF is NOT re-scanned into the slots and the tabular block is NOT updated - so this measures exactly and only what the sequence branch learned de novo, and that scope must be carried in the claim.	(i) The three permutation arrangements are exactly composition-matched (channel 5 bit-identical), share the implant offset, the seam and the recomputation path, and differ from the target only in base ORDER - the tightest identity-versus-composition contrast constructible on a 3-mer. (ii) The in-frame CDS implant is the position-matched, biologically-null reference: same triplet, same operator, no upstream-ORF meaning. (iii) The no-op floor. (iv) The positive control is the reference for operator validity, and it is what makes a negative interpretable rather than another confounder (trap 7).	A null at every offset and frame WHILE the positive control fires is a clean, bounded negative and is the most likely outcome: it would say the model's upstream-ORF knowledge lives entirely in the ORF-slot and tabular pathway, and therefore that the sub-33-nt uORF blind spot and the 50.8% invisible upstream-PTC population cannot be repaired by anything short of changing the ORF scan. A positive with NO frame ordering (oORF ~ in-frame) refutes the mechanistic form of the hypothesis while leaving the weaker claim 'AUG is read as a token' standing - and those two outcomes must be reported as different results, not merged. A positive at the in-frame CDS implant too would say the model responds to any AUG anywhere, which is a model property and not a discoverable element.	day
R1-training-1	R1	training	Activation-maximal seqlet mining in the stop branch: a composition-independent 3'-proximal motif	A 6-12 nt motif in the ~200 nt immediately 3' of the stop codon, recovered as the aligned consensus of the 42 nt receptive-field seqlets sitting under each conv2 filter's global-max argmax in the stop branch. Pre-registered candidate consensuses so the analysis can fail: GU-rich / poly-U (UPF1, CELF1 recruitment), UAUUUAU (ARE), the exonic splice-junction remnant CAG|G, and the PAS hexamer (covered separately). The headline claim names whichever consensus is actually recovered.	1) Register forward hooks on stop_cnn.conv2 (pre-max) for all 5 ensemble members at atg1000_stop1000. For every isoform x slot, record for each of 32 channels the max value and the argmax index i in [0,250). 2) Map i back to input coordinates. Receptive field is 42 nt (conv1 k=15 pad 7, MaxPool1d(4), conv2 k=7 pad 3), quantised to 4 nt by the pool; derive the offset from the padding arithmetic rather than assuming it. Extract the 42 nt seqlet with its anchor-relative offset, GC fraction and frame phase. 3) Per filter, keep the top 1% of seqlets by activation. 4) Build a PWM by aligning seqlets on the filter's own argmax, not on the stop anchor. 5) Cluster the 32 filter-PWMs across all 5 members by gapless-alignment cosine; keep clusters recovered in at least 4 of 5 members. 6) Null: for each real seqlet, draw 1000 control 42-mers from the SAME window of the SAME isoform at offset o' with o' congruent to o mod 3, |o'-o| >= 42, and |GC(o') - GC(o)| < 0.02; build control PWMs identically. 7) Statistic: total information content of the real PWM minus the 99th percentile of the control-PWM IC distribution. 8) Model-free confirmation outside the model: count the recovered consensus in the downstream half of stop windows of NMD+ vs NMD- isoforms matched on slot-0 n_downstream_ejc, window GC and 3'UTR length. The model points; the data must confirm.	Control 42-mers drawn from the same window of the same isoform, simultaneously matched on frame phase (mod 3), GC fraction (+/-0.02) and anchor-relative offset band. That holds isoform identity, composition, position and frame constant at once -- the four references section 7 says have each silently failed here. Cross-member reference: permute filter identity across the 5 members to get the chance rate for a PWM cluster to appear in >=4/5, so that recovery is not the dead 'across-member sign agreement' argument.	No filter's top-seqlet PWM exceeds the 99th percentile matched-control information content in >=4/5 members. Then the stop branch holds composition, frame and junction flags and nothing else, there is no motif vocabulary to name, and the motif question is closed for this architecture. Equally refuting: a consensus is recovered but the model-free count in matched NMD+/NMD- windows shows no enrichment, which would make it a model artefact rather than biology.	day
R1-training-2	R1	training	The +14..+25 downstream structure element at an upstream AUG, read out through an exact decomposition of the attention score	A GC-rich (structure-forming) 12 nt segment positioned +14 to +25 nt 3' of an AUG. The claim is positional at fixed composition: the identical 12-mer occupying +14..+25 versus -25..-14 relative to the same AUG, with total window composition unchanged by construction because the two 12-mers are swapped rather than implanted.	INSTRUMENT (new, exact): at eval BatchNorm is affine and Dropout is identity, so the fusion ReLU is exactly diag(m) for a fixed example and the pre-softmax attention score equals (W_f^T diag(m) w)^T [atg_emb; stop_emb; struct_emb] + w^T diag(m) b_f + b_s. The 96-dim effective weight partitions into three 32-blocks, giving an ATG/stop/structural decomposition of the attention score with EXACTLY zero residual; the same construction applied to head+cls_head gives an exact 64-dim decomposition of the logit. Assert reconstruction to float32 tolerance before any use. OPERATOR: select slots whose ORF starts upstream of the reference CDS start. Excise the native 12-mer at -25..-14 and the native 12-mer at +14..+25 and SWAP them. Window composition is identical by construction; the two sites are 39 nt apart, a multiple of 3. Frame channels 6-8 are position-determined and therefore untouched by any sequence edit, but created motifs are not: exclude any isoform where the swap creates or destroys an AUG or an in-frame stop at either site, and report the exclusion rate separately at each site because section 7 item 3 documents 23.6% vs 8.7% at different codon offsets. MODEL-FREE CONFIRMATION: within each transcript, compare GC at +14..+25 of the GENCODE-annotated CDS AUG against GC at +14..+25 of every non-selected AUG in the same transcript. Within-transcript, so gene identity and global composition are controlled.	Two. (i) The same swap operation applied to a 12-mer pair at -/+(109..120) about a point 200 nt from the anchor: matched on separation, on the magnitude of GC displaced, and on frame, but not straddling the AUG -- this isolates 'downstream of the AUG' from 'GC moved around inside the window'. (ii) The 37 frame-matched control positions already banked from the Kozak work, as the method's own noise floor. Per section 7 item 1, a claim needs the method's noise floor, other positions, and a matched population; (ii) supplies the first two and the within-transcript GENCODE check supplies the third.	The median per-isoform Delta falls inside the distribution of the distance-matched non-anchor swap, or the fraction positive is indistinguishable from 0.5. Independently refuting: the within-transcript GENCODE check shows no +14..+25 GC excess at annotated starts -- if the element is not in the data, the model cannot have learned it and a model-side positive would have to be an artefact.	days
R1-training-3	R1	training	Stop+4 C-versus-G: the readthrough-permissive termination context, probed then causally patched between siblings	The nucleotide immediately 3' of the stop codon (stop+4), contrasted C versus G within UGA-terminating ORFs, together with the stop+4..+9 hexamer context. This is the stop codon's own 3' context, not the start codon's Kozak +4.	1) PROBE: extract slot-0 stop_emb (32-dim post-fc) for every isoform across all 5 members. Train an L2 logistic probe for C vs G at stop+4, restricted to UGA-terminating slot-0 ORFs, fitted on training chromosomes and reported on test chr1/3/5/7 so the chromosome split is preserved. 2) PROBE REFERENCE: the identical probe for C vs G at stop+40, subsampled to matched class balance -- same encoder, same window, same base pair, same 3-way-free binary contrast, but outside the +1..+9 codon-context region. If stop+4 does not beat stop+40, the encoder is memorising local sequence generically and stop+4 is not special. 3) COMPOSITION: stratify the test set into GC deciles of the stop window and require the stop+4 advantage to hold within decile. C vs G is itself one of the two operators section 7 certifies as GC-matched, so the single-base composition confound is null by construction rather than by adjustment. 4) CAUSAL GATE, ON-MANIFOLD: use the within-gene label-discordant sibling pairs, specifically the 21.9% that additionally share slot-0 n_downstream_ejc (the project's own best-matched population, the one yielding 0.803 concordance). Within it, split pairs into stop+4-discordant and stop+4-concordant. Replace isoform i's slot-0 stop_emb with its partner's REAL stop_emb, recompute attention and logit, record Delta logit. Every patched vector is an activation the encoder actually produced from a real sequence, so this is not the off-manifold failure that killed frame-rotation probes. 5) Additionally project each patch displacement onto the probe's weight vector to confirm the discordant patches move further along the stop+4 direction. 6) In-place synthetic G<->C substitution at stop+4 as a third arm, with created-motif exclusions (a +4 substitution can create a downstream in-frame stop or an AUG) reported separately.	Three. (i) The stop+40 C-vs-G probe -- same base pair, same encoder, same window, distance- and balance-controlled -- which is the encoder's generic sequence-memorisation floor. (ii) Stop+4-concordant sibling patches: same gene, same slot-0 EJC count, discordant NMD label, but matched at stop+4, so the only thing removed is the stop context and everything else the siblings differ in is held. (iii) Within-GC-decile stratification of the probe's test set.	Probe AUC at stop+4 fails to exceed the balance-matched stop+40 probe; or the stop+4-discordant patch Delta logit fails to exceed the stop+4-concordant patch Delta logit; or the sign is inverted, with the readthrough-permissive C associated with MORE predicted NMD. Any of the three closes the readthrough-context hypothesis.	day
R1-training-4	R1	training	Sparse dictionary on the pre-pool ATG-branch map: an out-of-frame upstream AUG detector, and the count the max-pool destroys	An AUG triplet located 5' of the anchor AUG and in a reading frame different from it -- an oORF/uORF initiation element -- recovered as an atom of an overcomplete sparse dictionary fitted to the 32-channel pre-pool conv2 activation map, together with the full spatial profile of where that atom fires.	1) Hook atg_cnn.conv2 pre-max and collect (32, 250) maps at atg1000_stop1000 for slot 0 of a 6,000-isoform training-chromosome subsample (~1.5M position-vectors, ~200 MB float32). 2) Fit an overcomplete sparse dictionary, 32 -> 256 -> 32 tied-weight autoencoder with L1 on the code, or K-SVD. This fits a probe to activations only; the NMD model stays frozen. 3) Per atom, take the top 0.1% firing positions, map to 42 nt receptive fields, build a PWM plus a histogram of anchor-relative offset and of frame-channel occupancy at the AUG position. 4) ACCEPTANCE requires BOTH: (a) firing positions enriched for a nameable event -- an AUG at frame != 0, an in-frame stop, a junction -- above a null of positions from the same windows matched on offset band, GC (+/-0.02) and frame phase; and (b) causal weight: project the entire activation map onto the orthogonal complement of the atom at EVERY position, continue the forward pass, record Delta logit, and compare against projecting out 200 random 32-dim directions of matched norm. 5) COUNT TEST: define n_oof_upstream_atg model-free from the raw window sequence and ask whether the accepted atom's number of supra-threshold firings tracks it. 6) RETRAIN ARM: retrain one member with x.max(dim=-1) replaced by concat(max, mean of top-3) -- a 32 -> 64 branch, one line in model.py and no data_prep change -- and ask whether AUPRC improves specifically on the PTC-minus-with-upstream-PTC-ORF class (5,913 isoforms, 12.6% NMD+) and not on PTC+ (6,864, 70.0%). A class-specific gain is the signature of a count that was being destroyed.	(i) Atom enrichment: control positions from the same windows matched on anchor-relative offset band, GC and frame phase. (ii) Projection test: 200 random 32-dim directions of matched norm projected identically. This is precisely the reference the dead 'inference-time flag ablation' lacked -- that one shrank control positions 0.66x alongside targets 0.42x with nothing to difference against, so it measured attention dilution; here the matched random directions absorb the dilution and the statistic is the excess. (iii) Retrain arm: the PTC+ class as an internal negative control, since extra pooling capacity per se should help both classes.	No atom's firing positions are enriched for any nameable sequence event above the matched null; or accepted atoms' Delta logit lies inside the random-direction distribution of matched norm; or the top-3-mean pooling retrain yields no class-specific AUPRC gain. The last would establish that the 32-dim code carries presence rather than count and that the max pool destroys nothing -- a useful negative, since it would close the 'the architecture is throwing away the uORF count' explanation for the weak uORF signal.	retrain
R1-training-5	R1	training	The PAS hexamer AAUAAA as a 3'-end ruler: its absence within the stop window increases susceptibility	The polyadenylation signal hexamer AAUAAA (and the variant AUUAAA) occurring within the downstream half of the stop window, and its distance from the stop codon. The claim is hexamer IDENTITY, not A-richness.	1) PROBE: train an L2 logistic probe on slot-0 stop_emb for 'a canonical PAS hexamer occurs within 500 nt downstream of the stop', fitted on training chromosomes and reported on test chromosomes, with labels from a direct hexamer scan of the FASTA cross-checked against SQANTI's polyA_motif_found / polyA_motif / polyA_dist (the join already exists in 09_export_polya.py). 2) THE CONFOUND, LED WITH: PAS-in-window is nearly collinear with transcript-end-in-window, and the encoder sees zero padding past the transcript end, so the model could be using the padding boundary as a length ruler and never the hexamer. EXCLUSION (a): evaluate the probe only on isoforms whose transcript end lies entirely OUTSIDE the window, so padding is absent in both arms and only internal/alternative PAS hexamers differ. 3) EXCLUSION (b), causal and composition-exact: in isoforms with a long 3'UTR and no PAS in window, IMPLANT a hexamer at +150, +300 and +450 from the stop, and compare AAUAAA against the five other distinct arrangements of five A and one U (AAAAAU, AAAAUA, AAAUAA, AUAAAA, UAAAAA). Identical mononucleotide composition, identical GC, identical rolling-GC channel to within the U's placement -- the contrast is arrangement alone. 4) FRAME: the three offsets are mutually congruent mod 3 so channels 6-8 are unchanged across offsets; report created-motif exclusions (an implant can create an AUG or an in-frame stop) separately at each offset, per section 7 item 3. 5) FILTER CROSS-CHECK: ask whether any conv2 filter from the seqlet-mining proposal has AAUAAA in its top-seqlet consensus. Convergence of an implant effect with a filter consensus is the strong form of the claim; either alone is weak.	Within isoform, within offset: the five non-PAS arrangements of the same six bases. Composition, GC, offset, frame phase and isoform identity are all identical and only the U's position differs. Second reference: the same implant series run in isoforms that ALREADY carry a PAS within the window, where adding another should do measurably less -- a dose-saturation control that a generic sequence-insertion artefact would not respect.	AAUAAA implants are indistinguishable from their five A5U1 permutations at every offset, AND the PAS probe collapses to chance once transcript-end-in-window is matched. That would establish that the model's 3'UTR-length signal is the padding boundary -- a length ruler, not a sequence element -- and close the PAS hypothesis. It would also be worth reporting on its own, since it names a length cue that is an artefact of windowing rather than of biology.	day
R1-counterfactual-1	R1	counterfactual	Junction-blind retraining with a stop-branch EJC auxiliary head forces the mature-mRNA exon-junction seam k-mer into the sequence encoder	The exon-junction seam k-mer in mature mRNA: the 6-mer spanning the last 3 nt of the upstream exon and the first 3 nt of the downstream exon (literature expectation ~ ...MAG | G..., i.e. a seam ~AG|G), occurring more than 50 nt 3' of a stop codon. The implant motif must be the PWM consensus derived empirically from results_4ct_dn/junctions.tsv joined to the SQANTI FASTA over these 41,765 transcripts, not a remembered consensus; the join must first settle whether the 1-based junction coordinate parsed by data_prep.parse_junctions names the last base of the upstream exon or the first base of the downstream one, since that shifts the implant frame by one.	Regime: delete channel 4 (the junction indicator) from the input, 9 -> 8 channels, by slicing index 4 out of conv1.weight (32,9,15) -> (32,8,15), and delete n_downstream_ejc from ORF_FEATURE_COLS, 5 -> 4, by slicing struct_fc.weight. Both are dimension deletions with an exact warm start on the surviving weights from the published checkpoint -- not zeroing, so no weight is left with identically zero input and identically zero gradient. Add an auxiliary head on stop_emb ONLY (32 -> 1, tabular block excluded from it) supervised on has_downstream_ejc with weight lambda in {0.1, 0.3, 1.0}; the withholding is what makes this head non-trivial, since with channel 4 present it is solved by counting marks. Train 5 seeds. Then: in the 15,765 'PTC- no trigger' isoforms (no real junction downstream of slot-0's stop), implant the empirical seam 6-mer at +80 nt downstream of the stop codon and record the change in the main classification logit. The auxiliary head is discarded at readout.	Three references, matching the three the project has silently failed before. (1) Noise floor: composition-identical permutations of the seam 6-mer implanted at the same position in the same isoform -- identical GC, so the recomputed channel-5 rolling GC is identical and the composition-dominates-identity trap cannot fire. (2) Other positions: the same seam 6-mer implanted at -80 nt (inside the ORF, 5' of the stop), where an EJC is mechanistically not a trigger -- same motif, same composition, same distance, only the side of the stop differs; plus the 37 banked frame-matched control positions. (3) Matched population: isoforms that already carry a real junction near +80, where the implant should be near-saturating and the effect should shrink.	Seam implants indistinguishable from their own composition permutations after per-isoform gating, at every lambda and every seed, refutes it: mature-mRNA sequence carries no junction signature recoverable at 32 conv channels, and the model's PTC ability is entirely annotation-borne. A positive effect that survives the permutation control but is equal at +80 and -80 also refutes the causal reading -- that would be a seam detector with no positional gating, i.e. a splicing-composition effect rather than an NMD effect.	retrain
R1-counterfactual-2	R1	counterfactual	CDS-flag-blind retraining, with the by-construction positives removed from the loss, makes the out-of-frame upstream AUG a discoverable element	An out-of-frame AUG in the 5'UTR within ~150 nt 5' of the annotated start codon. The contrast is the reading register of an otherwise identical trinucleotide: an AUG at an offset congruent to the main ORF's frame is an N-terminal extension and mechanistically inert, while the same AUG one or two bases over opens a competing ORF.	Regime: delete columns 2 and 3 (is_ref_cds, is_sqanti_cds) from ORF_FEATURE_COLS, 5 -> 3, by slicing struct_fc.weight; exact warm start on the surviving columns from each published checkpoint; drop the no_ref_isoform positives from the training loss (join required from Track A, or approximate as 'no isoform of this gene carries a ref-CDS slot'). Train 5 seeds; expect and accept an AUC drop, since performance is not the goal. Then, in the ~31,500 isoforms whose slot-0 5'UTR is >=150 nt (75% of slot-0 ORFs; median 5'UTR 325 nt) and which carry no natural uAUG in the target band, implant ATG at offsets -60, -90 and -120 relative to the annotated start, once at an offset congruent to the main frame and once at offset+1 and offset+2. Run identically on the published and the CDS-blind models.	(1) Noise floor: composition-identical permutations AGT, GAT, GTA implanted at the identical position -- same three bases, so channel-5 rolling GC is bit-identical and the composition trap is closed by construction rather than by matching. (2) Other positions: the same operator at -60, -90, -120, plus the 37 banked frame-matched control positions; frame is the variable here rather than a confound, which is the cleanest available answer to the 23.6%-vs-8.7% created-motif asymmetry. (3) Matched population: the in-frame implant is a mechanistically null population sharing isoform, position and motif; plus isoforms already carrying a natural uAUG in the band, where the implant should add little.	If the CDS-blind model's out-of-frame-minus-in-frame median is not distinguishable from zero, or is no larger than the published model's, the hypothesis fails and the honest conclusion is that this architecture does not represent initiation competition even when it has to. A positive effect equal at in-frame and out-of-frame offsets refutes the mechanism and indicates a generic ATG detector, not a frame-aware one. Note the cap from trap 8: the coordinate is the annotated start, so the strongest available claim is 'relative to the annotated start', not 'predicts ribosome selection'.	retrain
R1-counterfactual-3	R1	counterfactual	A receptive-field ladder decides whether the 50-nt boundary is biology the model discovered or the instrument's own window	The positional relation 'nearest exon-exon junction lies within ~50 nt 3' of the stop codon'. This is the protective element; its absence -- a stop whose nearest downstream junction is far -- is the susceptibility element. Verified in the data rather than assumed: n_downstream_ejc as shipped counts junctions strictly downstream of orf_end with NO distance rule (100% agreement at offset 0 over 4,000 sampled ORFs, 90.3% at offset 50), so the 50-nt rule is nowhere in the model's tabular inputs. At slot 0, 3,366 isoforms have their nearest downstream junction <=50 nt -- the feature says 'EJC present', the biology says 'no trigger' -- against 7,492 with the nearest beyond 50 nt.	Arms: (a) the published checkpoints, unmodified, as the cheap first pass; (b) retrain with n_downstream_ejc deleted from the tabular block (5 -> 4, exact warm start on surviving columns) so the count shortcut is gone and channel-4 position is the only junction information; (c) arm (b) at four receptive fields via the conv2 kernel and mid-pool schedule -- k2 in {3,7,15} and MaxPool1d in {2,4}, giving RF ~26, 30, 42 and 74 nt at comparable parameter counts. Operator: the junction-RELOCATION scan. In isoforms with exactly one downstream junction at slot 0, move the single channel-4 mark from its true offset to each d in {8,16,...,200} nt downstream of the stop, holding the count, all four nucleotide channels, the frame channels and channel 5 fixed. Channel 5 is recomputed from nucleotides only, so this operator changes exactly one binary channel and nothing else -- the composition trap cannot fire at all.	(1) Noise floor: repeated relocations of the same mark to random offsets in the same isoform, giving that isoform's own relocation-noise distribution. (2) Other positions: the scan is itself a full positional reference -- every d is a control for every other d, within isoform. (3) Matched population: isoforms with zero downstream junctions, where there is no mark to move and the curve must be flat by construction (a sanity floor); plus, as an architectural control, ORFs >=1000 nt (33,396 of the selected ORFs) where the ORF-midpoint clip never binds at the 500-nt stop window, so a step cannot be an artifact of where padding starts.	Flat curves at every receptive field refute the hypothesis and carry their own consequence: the model's NMD verdicts run entirely through a junction COUNT with no distance term, so no claim it supports may be stated in terms of the 50-nt rule. A step that scales with RF across the whole ladder refutes the biological reading and identifies the boundary as the instrument's window.	retrain
R1-counterfactual-4	R1	counterfactual	Scanning-order slot fill at K=8, warm started exactly, to make the strong-Kozak oORF a visible class	An upstream AUG in strong Kozak context whose ORF reads out of frame through the annotated start codon and terminates inside the CDS -- the overlapping ORF (oORF). Distinguished from its sibling element, an upstream AUG whose ORF terminates inside the 5'UTR, by exactly one computable property: where the first in-frame stop downstream of the uAUG falls relative to the annotated start.	Regime, two stages. Stage 1 is the published checkpoint used as an exact warm start -- legitimate because no parameter depends on K, so a K=5 checkpoint runs unchanged at K=8. Stage 2 fine-tunes at K=8 with slots filled, after the two CDS priority slots, by 5'-most-AUG scanning order instead of kozak_score. Both fill rules are label-independent and neither selects on PTC status, so no circularity is introduced (trap 6). Operator: the register implant from the CDS-blind proposal (out-of-frame ATG versus in-frame ATG at the same upstream base), applied separately to two strata determined by scanning the transcript for the first in-frame stop from the implant site -- implants that would open an oORF versus implants that would open a 5'UTR-terminating uORF.	(1) Noise floor: composition-identical AGT/GAT/GTA implants at the same base in the same isoform. (2) Other positions: matched implant offsets across strata, with 5'UTR length binned or propensity-matched, because oORF-producing sites sit systematically nearer the annotated AUG and would otherwise be confounded with offset. (3) Matched population: the uORF-producing stratum is the mechanistic comparator -- same operator, same window, same encoder, differing only in whether the resulting ORF overlaps the CDS. Fourth arm, and it is the one that makes the regime claim safe: the published K=5-trained model EVALUATED at K=8 with the same slot fill and no retraining, which isolates 'more slots at inference' (pure attention dilution) from 'trained with more slots'.	No widening of the oORF-minus-uORF gap under the K=8 scanning-order regime refutes the proposal; and if the inference-only K=8 arm reproduces whatever widening is seen, the effect is attention dilution rather than learning -- exactly the failure that killed inference-time flag ablation, here made an explicit arm instead of a hazard. A gap present but equal across strata means the model responds to uAUGs generically and the oORF distinction is not represented.	retrain
R1-counterfactual-5	R1	counterfactual	Structure-first, sequence-on-the-residual two-stage schedule to expose the stop-codon +4 readthrough context	The nucleotide immediately 3' of the stop codon -- the fourth position of the stop tetranucleotide. Readthrough-permissive contexts (canonically a pyrimidine, notably C, after TGA) reduce NMD; among selected ORFs TGA is 50.9% of stops, TAA 26.8%, TAG 22.3%, so all strata are well populated.	Stage 1: train a structure-only model (fusion takes struct_emb alone, Linear(32 -> 64)) to convergence; this is the tabular predictor whose GBM analogue already reaches AUPRC 0.8035. Stage 2: rebuild the full 96-wide fusion, copy stage 1's weights into the struct columns 64:96, freeze struct_fc and those columns, precompute each isoform's stage-1 logit and add it DETACHED as a fixed offset inside BCEWithLogitsLoss, and train the conv branches and their fusion columns. State plainly that this removes the incentive to re-encode structure, not the possibility. Operator on the trained models: single-base substitution at +4 of slot 0's stop, GC-matched only (C<->G and A<->T, the two operator classes shown here to have a reference approaching null), per isoform, stratified by stop triplet, gated on slot 0 being EJC-triggering (n_downstream_ejc >= 1 with nearest downstream junction > 50 nt -- 7,492 slot-0 ORFs qualify).	(1) Noise floor: the same GC-matched operator at +7, +10 and +13 -- same codon phase, same substitution type, mechanistically inert -- plus the 37 banked frame-matched control positions. (2) Other positions: the +4 effect must exceed those positions in the same isoform, not merely differ from zero. (3) Matched population: the same operator at +4 in the NON-EJC-triggering stratum (the 15,765 PTC- no-trigger isoforms), where readthrough has nothing to rescue; an equal-sized effect there means we measured a base preference, which is precisely how the Kozak +4 claim failed.	If the residual-regime +4 effect is no larger than the jointly trained model's, and neither separates from the +7/+10/+13 controls after per-isoform gating, the element is not usable in this model and the 'less central contributors' of section 2 should be dropped from the paper rather than reported weakly. If the effect appears equally in the non-triggering stratum, it is a base preference and refutes the readthrough mechanism.	retrain
R1-stats-1	R1	stats	Minimal in-frame stop implant: does the model carry the 50-nt rule, or only a receptive-field-truncated version of it?	An in-frame stop triplet (TAA/TAG/TGA) created by a 3-nt substitution at distance d upstream of a specific exon-exon junction. The element is a PTC defined by its JUNCTION OFFSET d, not by junction count — the canonical NMD positional element, and the one thing the model's tabular block provably does not contain.	Backgrounds: the 15,765 PTC-negative no-trigger isoforms (2.2% NMD+), filtered to ORF length <= 2000 nt so the w2000 ATG+stop windows partition the whole ORF and the transcript sequence is exactly reconstructable from H5 channels 0-3 (no FASTA needed — verified locally missing). Choose isoforms with an internal CDS inter-junction interval of >=150 nt. TREATMENT: at each in-frame codon position across that interval, substitute the codon with a stop. CONTROL: substitute the same three positions with each of the <=7 W/S-class-preserving recodings of that stop (TGA -> {TGT,TCA,TCT,AGA,AGT,ACA,ACT}; TAA -> the 7 other A/T triples). These hold G/C-vs-A/T identity at every position, so compute_rolling_gc's is_gc vector is unchanged and channel 5 is BITWISE identical; channels 4 and 6-8 are untouched. Then RE-SCAN, which is the part no existing script does: recompute the truncated ORF's new stop, recompute n_downstream_ejc from junctions.tsv, recompute frac_stop, move the ORF-midpoint clip (mid = (atg+stop)//2 shifts because the ORF shortened) and re-encode both windows via encode_window_v5. Score with all 5 atg2000_stop2000 seed checkpoints in results_4ct_sweep. Run a second, explicitly off-manifold PINNED arm with n_downstream_ejc held at its pre-edit value, purely to split the total effect into a tabular path and a window path. THE CONFOUNDER I have to break: within one isoform, d and the ORF-truncation length move together, and the midpoint clip moves with them. Break it by panel design — across ~300 backgrounds with junctions at different CDS positions, d and truncation length are not collinear, so a per-isoform-then-pooled regression of delta on (d, truncation length, frac_stop) separates them.	Three references, one per failure mode named in trap 1. (1) METHOD NOISE FLOOR: the W/S-class-preserving recodings at the identical three positions — identical frame offset, identical junction channel, and channel 5 exactly, not approximately, preserved. This is adjacent to the dead 'dinucleotide-preserving shuffle of a 3-mer' and escapes it precisely: that shuffle is the identity map because 100% of 3-mers have one arrangement, whereas a per-position class-preserving RECODE has 2^3 = 8 members, 7 of them non-identity, and unlike a shuffle it guarantees position-wise GC identity. (2) OTHER POSITIONS: the d sweep itself — every stop implant in the interval is a control for every other, and they share composition, frame and n_downstream_ejc, so only d differs. (3) MATCHED POPULATION: backgrounds matched on tx_length, ORF length, interval width and GC; the d effect must survive the joint regression against truncation length.	A flat delta(d) inside intervals, with all the response appearing only when d crosses a junction (i.e. only when n_downstream_ejc increments), refutes it: the model would then represent the trigger solely as an EJC count and carry no positional element at all. Equally refuting: the stop implant's effect equals the W/S recodes' effect, meaning the response is to having edited three bases rather than to having created a stop. Or the pinned arm zeroing the effect, which would show the window path contributes nothing and the sequence-element claim collapses to a tabular feature. The false-negative risk (trap 7) is a badly chosen panel: if intervals are short the d range never reaches the transition, so interval width >=150 nt is a precondition, not a nicety.	days
R1-stats-2	R1	stats	The 1-nt frame triplet: an implanted uAUG's frame is the treatment and its composition is the control	An ATG triplet implanted in the 5'UTR at offset o. The element is the AUG together with its FRAME relative to the reference AUG: frame 0 creates an N-terminal extension (mechanistically inert), frames 1 and 2 create a competing ORF that is either a 5'UTR-terminating uORF (leaky, reinitiation-rescued) or an oORF reading past the main AUG out of frame and terminating inside the CDS (no rescue, the potent class).	Backgrounds: PTC-negative no-trigger isoforms with >=200 nt of 5'UTR reconstructable from the w2000 ATG window. At each candidate 5'UTR offset, implant ATG at o, o+1 and o+2 — three arms, same three bases, same distance from the cap, same background. Length-preserving substitution, so junction positions, tx_length and every native ORF's coordinates are untouched. Re-scan to derive the created ORF: walk in frame to the first in-frame stop, require >= 33 nt (the ORFik floor, min_orf_length 9 codons confirmed in orf_scan_metadata.json), and classify uORF / oORF / extension from where that stop falls. Run in TWO modes. ADDITIVE: append the created ORF as a 6th slot — the checkpoint is permutation-invariant across slots and has no K-dependent parameter, so a (batch, 6, 9, W) tensor runs unchanged — which isolates the added ORF without confounding it with the eviction of a native ORF. COMPETITIVE: let it contest a slot under the native ref-CDS / TD2 / top-Kozak priority rule, which is the realistic ribosome-competition setting. Report both; the difference between them is the selection component. GC matching (trap 2): the three arms replace different triplets, so their net GC change differs — restrict to offsets where the three replaced triplets have equal GC content, which is an implementable filter, and report the retained fraction. Frame-offset matching of controls (trap 3) is automatic here because frame is the treatment and everything else is held. Also match on created-ORF length across arms, or carry it as a covariate, since frame determines where the first in-frame stop falls.	The frame triplet IS the matched reference and it is unusually tight: the three arms are the same three nucleotides at offsets differing by one, so composition, distance from cap, background identity, native ORF set and slot count are all identical, and one arm (in-frame) is a mechanistic null by biology rather than by construction. That single-slot addition is common to all three arms, so the attention-dilution artifact that killed inference-time flag ablation cancels exactly in the paired contrast — the dilution enters all three arms identically and subtracts out. Second reference: an added slot carrying a native non-triggering ORF, to check that any added slot with a high EJC count does not produce the same shift regardless of frame. Third: matched population on 5'UTR length, native kozak_score at the implant site, and GC.	delta(oORF) ~ delta(uORF) ~ delta(extension) refutes it — the model would be responding to slot addition, not to a competing ORF. So would an ordering that tracks only the created ORF's n_downstream_ejc irrespective of frame, or a result that vanishes in the competitive mode (meaning the finding is an artifact of running at K=6). This is adjacent to the dead 'frame-rotation probes: off-manifold, and rotate-by-3 is the identity' and escapes it because no channel is rotated: the ATG is physically moved by one nucleotide, every arm is a real transcript sequence, and channels 6-8 are recomputed from the re-derived ORF start rather than permuted. Per trap 8, the claim is capped at 'changes the model's ORF selection and verdict', not 'changes ribosome selection', absent ribosome profiling.	days
R1-stats-3	R1	stats	GC-frozen in-silico evolution of a maximally NMD-inducing 30-mer, with the in-frame stop codon as its own built-in positive control	The evolved 30-nt string itself, implanted at a fixed frame-matched offset. The discovery output is a named, localizable sequence: whatever wins is reported as a string with its frame phase and its offset to the reference AUG and to the nearest junction, then matched against known elements (in-frame stop, uAUG, splice-donor-like, poly-U/AU-rich, GC run).	(1+lambda) evolution strategy or simulated annealing over a 30-nt string. Fitness = the median per-isoform delta log-odds across a panel of B ~ 200 naive backgrounds (PTC-negative, no-trigger), median rather than mean so one runaway background cannot drive the search. MUTATION OPERATOR: only W/S-class-preserving swaps (A<->T, G<->C at a position). This freezes GC content by construction and, because compute_rolling_gc derives is_gc per base, freezes channel 5 BITWISE for the entire search — the optimizer physically cannot cheat by becoming GC-rich, which is the failure trap 2 says has already produced confident structure at every position under a G-vs-not-G operator. Seed multiple independent random starts at several fixed GC levels so GC is a stratum, not a free parameter. Implant offset held fixed and frame-matched across the whole search, and edits forbidden within 50 nt of any window boundary or of the ORF-midpoint clip so the search cannot win by exploiting padding transitions. TWO ARMS: RE-SCANNED (the created ORF structure is re-derived and the tabular block recomputed — biologically faithful, and the arm where the stop-codon positive control can fire) and FROZEN-ANNOTATION (window edit only, tabular block pinned). The difference between the two arms localizes how much of the discoverable signal is a sequence readout versus a route into the pre-computed structural summary — which is exactly the 'pre-computed away' problem named in brief section 2. HELD-OUT VALIDATION: evolve using members 1-4 only, then evaluate the winner on member 5, which never entered the fitness function, and on a disjoint background panel drawn from held-out chromosomes.	(1) NOISE FLOOR: the same search, same operator, same generation budget, optimizing a FIXED RANDOM LINEAR FUNCTIONAL of the 64-dim transcript embedding instead of the NMD logit. This yields the fitness gain and convergence sharpness attributable to search pressure alone on this architecture, which no permuted-label null can supply (permuted-label FDR at the causal gate is dead because the null count is ~0 by construction). (2) OTHER POSITIONS: the same evolved winner implanted at frame-shifted and junction-distal offsets. (3) MATCHED POPULATION: held-out-chromosome backgrounds matched on tx_length, ORF length and GC. Cross-member concordance is used only as an OUT-OF-SAMPLE TRANSFER test to a member excluded from optimization, never as sign agreement at a position — the latter is dead because members agree 65-92% at meaningless control positions against a 6.25% chance rate, whereas a winner optimized on four members failing on the fifth is the ordinary fate of adversarial sequences and so is genuinely informative.	The winner failing to transfer to the held-out member or the held-out backgrounds refutes it — that is an adversarial artifact, not an element. So does the re-scanned search failing to rediscover the in-frame stop codon: the positive control not firing means the instrument cannot find the element we know is there, and no other output from it should be believed. So does the search converging no faster and no higher than the random-functional control, or converging on something that sits at a window boundary despite the exclusion zone.	days
R1-stats-4	R1	stats	uAUG copy-number dose response, routed through the slot channel because global max pooling makes the CNN copy-blind	A cluster of k AUG triplets (k = 0..4) at spaced 5'UTR offsets, each initiating a PTC-bearing upstream ORF. The element is the MULTIPLICITY, not any single AUG — the ATF4/ATF5/GCN4 architecture in which the number of uORFs, not their existence, sets the regulatory output.	Backgrounds: PTC-negative no-trigger isoforms with >= 400 nt of 5'UTR. Implant k ATGs at spaced offsets (>= 60 nt apart so their created ORFs are distinct), length-preserving, then re-scan each created ORF and keep only backgrounds where all k are valid (>= 33 nt) and PTC-bearing. Run at K = 5 + k so no native ORF is evicted — the checkpoint has no K-dependent parameter and is permutation-invariant across slots, so K = 6..9 runs unchanged. MATCHED CONTROL ARM: k IN-FRAME ATGs at the same offsets, which create k N-terminal extensions — identical composition, identical number of implanted bases, identical slot count, identical softmax dilution, no PTC. Sweep k = 0,1,2,3,4 within each background. SEPARATE POSITIVE CONTROL FOR THE ARCHITECTURE CLAIM: implant k copies of a single motif inside ONE window with no new slot created, and confirm the response is flat — that measures the max-pool blindness empirically instead of assuming it, and validates that any dose response seen in the main design is the slot channel.	The k in-frame extension arm, which is the whole design. It matches composition base-for-base, matches slot count exactly, and therefore cancels the attention-dilution artifact that killed inference-time flag ablation as a measure of sequence contribution — that method failed because dilution shrank control positions (0.66x) alongside targets (0.42x), and here dilution is identical in treatment and control at every k and subtracts out of the paired difference. Second reference: the single-window copy sweep, which supplies the architecture's own null. Third: matched population on 5'UTR length, GC and native uAUG count (n_upstream_atgs is already in selected_orfs.tsv), since backgrounds that already have uAUGs are not naive with respect to this element.	A flat or non-monotone paired curve refutes the graded hypothesis: the model would treat uORFs as a binary presence indicator. A curve that saturates at k = 1 says the same. A treatment curve that is not separable from the extension curve says the response is to slot addition, not to competing ORFs. The specific false-negative risk to declare (trap 7): a negative here may be a property of the training data rather than of the model, because the 33-nt floor excluded the short regulatory uORFs and only 5 of a mean 36.6 ORFs per isoform are kept — so a negative must be reported as 'this model, trained on this ORF universe, has no graded uORF response', and it names the fix (lower the floor, raise K, retrain).	day
R1-stats-5	R1	stats	Minimal-flip search under a GC-isomorphic operator: how few bases flip a confident prediction, and do they land where the mechanism says	The minimal set of W/S-class-preserving substitutions that flips a confidently predicted isoform, reported not as positions but as the triplets it creates and destroys — in-frame stops, upstream AUGs, stop-codon readthrough — together with each edit's offset to the reference AUG, to the stop, and to the nearest junction.	Take ~300 high-confidence non-NMD test-set isoforms and ~300 high-confidence NMD isoforms (the extremes of predictions_atg500_stop500.tsv, re-scored with the sweep ensemble), restricted to ORF length <= 2000 nt so sequence is reconstructable from w2000 channels 0-3. Greedy or beam search (beam ~8) over substitution SETS: at each step evaluate every single W/S-class-preserving substitution over the reconstructable extent, take the best, repeat until the ensemble prediction crosses 0.5 or a budget of 20 edits is exhausted. The operator matters as much as the search: because compute_rolling_gc derives is_gc per base, a W/S-preserving substitution leaves channel 5 bitwise unchanged, so the search cannot buy a flip with composition and any flip it finds is an identity-of-base effect. RE-SCANNED mode throughout — after each accepted edit, re-derive the ORF's stop, recompute n_downstream_ejc from junctions.tsv, recompute frac_start/frac_stop, move the midpoint clip and re-encode. Cost per isoform is bounded by (budget x positions x 1 alternative per position, since W/S-preserving means each position has exactly one alternative) — roughly 20 x 2000 = 40k scored transcripts per isoform per member, which is ~10x a full single-base ISM (measured at 8.77 s/isoform/member for both branches at W=1000), so ~90 s per isoform per member; 600 isoforms x 5 members is ~75 CPU-hours, parallelizable to a few hours.	(1) METHOD NOISE FLOOR: the identical search, identical operator, identical budget, optimizing a FIXED RANDOM LINEAR FUNCTIONAL of the 64-dim transcript embedding. This gives the edit-count distribution and edit-location histogram produced by search pressure alone against this architecture and this operator, which is exactly the null that permuted labels cannot provide (dead: the null count is ~0 by construction at the causal gate). Because the null search has the same search-induced structure, an excess of mechanism-consistent first edits over it is interpretable. (2) OTHER POSITIONS: within each isoform, the runner-up edits at each greedy step — their location distribution is the within-isoform reference for the accepted edit. (3) MATCHED POPULATION: flip-up and flip-down cohorts matched on ORF length, tx_length, GC and n_downstream_ejc, so 'fewer edits needed' cannot be a proxy for a shorter or more junction-dense transcript.	Edit locations statistically indistinguishable from the random-functional control refutes it. So does a first-edit category distribution with no enrichment for stop creation or uAUG creation. So does a flip-down search that never touches the annotated stop. And a sharply asymmetric result — flip-down cheap and mechanistic, flip-up expensive and scattered — would refute the symmetric form of the hypothesis while still being informative, since it would say the model represents trigger destruction but not trigger creation. Two confounders to exclude before believing any positive, per trap 7: edits clustering at window boundaries or at the ORF-midpoint clip (forbid a 50-nt exclusion zone at every boundary and report how many candidate edits that removes), and edits that flip the prediction only through the recomputed tabular block (run the pinned-tabular decomposition on the final edit set and report the split).	days
R1-evolution-1	R1	evolution	Optimus-5-Prime transfer: the joint start-codon context surface, scored against an external MPRA initiation scale, flips sign with the slot's PTC status	The 6-nt start-codon context at positions −6..−1 of a candidate AUG (the gccRcc half of gccRccAUGG), treated as a single 4^6 element rather than as independent bases. Claim: a high-initiation-efficiency context on an AUG whose own stop is EJC-triggering INCREASES NMD susceptibility; the same context on an AUG whose stop is not EJC-triggering decreases it.	Optimus-5-Prime enumeration in real backgrounds, not a fixed random one. For N=500 isoforms (test split, gene-clustered sample, stratified so ~half have an EJC-triggering slot-0 stop), enumerate all 4^6=4096 assignments of positions −6..−1 in the ATG window of slot 0, recompute channel 5 over the filled extent by the existing exact path (measure_position_bank.recompute_gc), score under all five checkpoints. orf_start, frame channels 6–8, junction channel 4 and the whole 5-number tabular block are provably invariant under this perturbation, so nothing needs re-deriving. Exclusion, applied identically to target and decoy and recorded per frame offset (trap 3): drop any context creating an ATG at any of the four in-window offsets, ~6% of 4096. Repeat the identical enumeration at a DECOY: a frame-matched, non-AUG position ≥90 nt further 5' in the same window, same exclusion mask, same recomputation. Optional 4^8 extension adding +4..+5 if the 4^6 result is positive.	Three, as trap 1 demands. (1) Noise floor: the identical 4096-context enumeration at a frame-matched decoy position in the same window and same isoform, carrying identical composition variation, identical GC recomputation and the identical ATG-creation exclusion mask, so any correlation arising from the model's global GC/base preferences appears there too. (2) Other positions: the rho_i profile as the decoy is walked from −12 to −120 nt; a real Kozak signal must be localised to the true context. (3) Matched population: the EJC-triggering vs non-triggering strata are the same isoforms perturbed by the identical operator, so a sign difference between strata cannot be produced by composition. Additionally the external scale is a direct MPRA measurement of initiation, which is what lets this escape trap 8: the readout is not 'predicts the annotated start' (circular, capped) but 'tracks measured initiation efficiency', a quantity no annotation in this pipeline encodes. Composition is further excluded by partial Spearman on context GC and by re-running within the fixed-GC stratum (contexts with exactly 3 of 6 G+C).	median rho_i indistinguishable from the decoy distribution in both strata; or rho_i significant but equal in the triggering and non-triggering strata (a start-context preference with no NMD content); or rho_i collapsing to zero under partial correlation on context GC and inside the fixed-GC stratum, meaning the surface is composition, not Kozak. A negative is interpretable only if the positive control fires: the same pipeline applied to the tabular is_ref_cds bit must move predictions strongly.	day
R1-evolution-2	R1	evolution	Saluki-style insertional analysis at the stop: the termination tetranucleotide, probed with a mononucleotide-permutation operator (UAG<->UGA) that no single-base contrast can express	The stop tetranucleotide — the stop trinucleotide plus the +4 base (UAAN/UAGN/UGAN). Claim: a TIGHT termination context (UAA, and +4 G) at an EJC-triggering stop increases NMD susceptibility; the leaky context UGA-C decreases it.	For each isoform in the population (N~2,000: slot-0 ORFs, ~half PTC+ from build_mechanism_classes.py's reference-AUG-anchored classes, ~half PTC- no-trigger), substitute the stop window's centre trinucleotide with each of TAA/TAG/TGA and the +4 base with each of A/C/G/T — 12 contexts, x5 members, x2 arms (target, and a frame-matched decoy: the same 12 four-mers written over an in-frame sense codon 30 nt upstream in the same window, where they are not termination signals). Recompute channel 5 by the exact path. THE PERTURBATION IS ORF-INVARIANT BY CONSTRUCTION: substituting one stop for another leaves orf_start, orf_end, frame channels, the junction channel and all five tabular numbers — including n_downstream_ejc — bitwise unchanged, so this is the only sequence element in the model that can be probed with zero recomputation of anything structural. Headline operator is the composition permutation TAG<->TGA: same multiset {T,A,G}, identical G+C count, so every 50-nt rolling window fully containing the codon has an identical GC value and only ~2 of ~500 positions differ, by 0.02. Secondary: +4 G vs C (the project's own GC-matched secondary operator, reported against its known G-preference baseline).	(1) Noise floor: the same 12-context substitution at the frame-matched in-window decoy codon, which carries identical composition change and identical recomputation but is not a termination signal. (2) Other positions: the decoy walked to three offsets (-30, -60, -90 nt), so the effect must be localised to the actual stop. (3) Matched population: PTC+ vs PTC- no-trigger isoforms perturbed with the IDENTICAL operator; composition cannot generate a stratum difference because the operator, exclusion mask and recomputation are byte-identical across strata. This is the same logic that made the brief's 'Kozak sign follows the slot's PTC status' result credible, applied to an element where the operator is composition-exact. Explicit escape from section 6: TAG<->TGA is a MONOnucleotide-preserving permutation, not the dinucleotide-preserving 3-mer shuffle that is the identity map — TAG has dinucleotides {TA,AG}, TGA has {TG,GA}, so they are distinct sequences with identical base composition. The dead method fails because it produces no perturbation; this one produces a perturbation with composition held exactly.	Paired Δ(TGA)-Δ(TAG) with a median indistinguishable from the decoy arm; or an effect the same size in PTC+ and PTC- isoforms (a stop-codon preference with no NMD content — very plausible, since TGA usage correlates with gene GC and the model may have absorbed that as a marginal); or a per-isoform Spearman against the readthrough scale no better than against a shuffled scale. Positive control that must fire before any negative is reported: substituting the stop trinucleotide for a SENSE codon must move predictions by orders of magnitude more (reported as a sanity signal only, since ORF-invariance no longer covers it).	hours
R1-evolution-3	R1	evolution	BPNet-style syntax scan: a purine-rich exonic element at -24..-20 of a downstream junction raises that junction's NMD potency	A GA-rich SRSF1-type octamer (GAAGAAGA and measured ESE relatives) implanted in the exonic sequence 5' of a downstream exon-exon junction, with an effect that PEAKS at offset ~-22 nt and is flat elsewhere. The element is a junction-potentiating enhancer, so it increases NMD susceptibility only when a junction is present.	Select N~800 isoforms whose slot-0 stop window's downstream half contains exactly ONE junction mark, at >=50 nt from the stop (NMD-competent by the rule) and >=60 nt from the window edge. Implant the octamer by replacing 8 native bases at each offset o in {-40,...,+40} relative to the junction, one offset at a time; recompute channel 5 exactly; score under all five members. Two arms, identical in every other respect: ARM A leaves the junction mark in place; ARM B zeroes channel 4 at that single position while holding n_downstream_ejc at its observed value. The readout is the DIFFERENCE of the two offset profiles. Implant variants at each offset: (i) the octamer, (ii) a dinucleotide-preserving shuffle of the same octamer — an 8-mer has many valid arrangements, so this is a real control and not the identity map that killed the 3-mer version, (iii) a G+C-count-matched random octamer redrawn per isoform. Exclusions applied identically across variants and recorded per frame offset (trap 3): drop implants creating an in-frame stop or any ATG.	(1) Noise floor: the dinucleotide-preserving shuffle and the GC-count-matched random octamer at the same offset in the same isoform — identical replacement footprint, identical composition, only identity differs. (2) Other positions: the profile's own out-of-band region |o|>25, which the 42-nt receptive field says MUST be flat; a peak outside +/-21 is a positive artifact detector that fails the experiment rather than confirming it. (3) Matched population: ARM B, the same isoform with the junction mark erased, sweeping identical distances-from-stop with identical implants — the reference that excludes the dominant alternative, that the profile merely tracks distance to the stop. Explicit escape from section 6: the brief kills 'inference-time flag ablation as a measure of sequence contribution' because it shrinks controls (0.66x) alongside targets (0.42x), i.e. it measures attention dilution. Here the erased-junction run is not the measurement; it is the control ARM of an implant scan, and the reported quantity is a DIFFERENCE OF TWO IMPLANT PROFILES within the arm pair. Any uniform attention-dilution factor multiplies both arms' profiles and cancels in the argmax, and is estimated directly from the out-of-band baseline for the height statistic.	A flat ARM A minus ARM B difference profile; or a peak that survives in the dinucleotide-shuffle control (a replacement-footprint effect, not a motif); or a peak whose argmax distribution is uniform over +/-21 (an interaction with no positional structure — the model knows 'junction nearby' but not where); or a peak outside +/-21, which the receptive field forbids and which would indict the harness. Reported negative only if a positive control fires: implanting a junction MARK in channel 4 at o instead of a sequence motif must produce a large, offset-dependent effect.	day
R1-evolution-4	R1	evolution	SpliceAI receptive-field transfer: is the ~50-nt rule representable in the sequence branch at all? Column-drop retrain plus a dilated stop branch, then a junction-relocation scan	The positional element itself: the >=50-nt junction-free spacer between the stop codon and the next exon-exon junction. Claim: this spacing — not any motif — is the largest sequence-encoded determinant of NMD susceptibility, and its empirical boundary in lung-cell NMD data is a measurable number the current model cannot hold.	Three stages. STAGE 1, current checkpoints, no training: for isoforms with a single junction in the stop window's downstream half, relocate that junction MARK in channel 4 across d in {5,10,...,200} nt from the stop, sequence untouched, in two conditions — (a) n_downstream_ejc held at its observed value, isolating what the sequence branch alone does with position, and (b) n_downstream_ejc recomputed consistently with the moved mark, the positive control, which must produce a large step. Plot per-isoform Δlog-odds vs d. STAGE 2, retrain: DROP n_downstream_ejc from the tabular block — n_orf_features 5->4, which model.py already supports natively as its default — and retrain five members. This is a column drop, not zeroing: section 6 kills naive zeroing because with the input identically zero dL/dW = delta * x^T = 0 exactly and the branch becomes a learned constant; removing the input dimension removes the weight, so there is nothing to freeze. The information is not removed — channel 4 still carries every junction — only the pre-computed summary is. STAGE 3: retrain five more members with the stop branch's conv2 dilated (dilation 2, k2=7, receptive field ~66 nt > 50) and re-run the Stage-1 scan on both retrained ensembles.	(1) Noise floor: relocating the mark to positions UPSTREAM of the stop within the same window, where the rule does not apply by mechanism, must give a flat curve. (2) Other positions: the d-sweep is its own positional reference — the null is 'no d-dependence' and the alternative is 'a step', so the shape carries the claim. (3) Matched population: the same scan on isoforms whose stop is the reference CDS stop and on isoforms where it is a PTC; the boundary must appear in both if it is a property of the spacing rather than of the isoform class. Across the three ensembles (published, column-dropped, column-dropped + dilated) the population, split, labels and windows are byte-identical, so the only differences are the tabular column and the receptive field.	Stage 1 showing a sharp step at ~50 nt in condition (a) with n_downstream_ejc frozen would falsify the receptive-field argument and would need explaining — most likely a leak via frame channels, transcript-end padding, or a junction-density proxy in channel 5, each checkable. Stage 3 showing no d-dependence even after the column is dropped and the receptive field widened would say the model cannot learn the rule from junction marks at all, and that structural dominance is representational rather than merely convenient. Stage 2 showing NO AUPRC drop would mean n_downstream_ejc was redundant all along, contradicting the measured 59-78% structural share. Against trap 7: a Stage-1 negative is PREDICTED by the architecture and so is weak evidence alone — reportable only alongside condition (b) firing, which proves the harness can move the model.	retrain
R1-evolution-5	R1	evolution	Saluki/BPNet pipeline with the dead component swapped: composition-centred ISM tracks -> TF-MoDISco seqlets -> implant validation in naive backgrounds	De novo seqlets, unnamed in advance, with three pre-registered predictions so the result can be wrong: (i) in the stop window, the termination tetranucleotide and an AT-rich hexamer near the transcript 3' end (AAUAAA); (ii) in the ATG window, a GA-rich element 5' of the AUG; (iii) in the stop window's downstream half, a purine-rich element within +/-25 nt of a junction mark. Any seqlet reaching stage 3 is a named, localised, causally validated sequence element.	Three stages, mirroring Saluki's ISM + insertional analysis and BPNet's attribution + MoDISco + implant, with DeepSHAP replaced by ISM. STAGE 1: full single-base ISM on N=500 isoforms (gene-clustered, stratified over the four mechanism classes), both branches, all five members, using the existing exact machinery — the measured no-op floor is 3.3e-5 and recomputed-GC agreement with stored channel 5 is 2.4e-4, i.e. float16 storage precision. ISM has exact completeness by construction, which is the whole reason it replaces DeepSHAP (completeness error 129-307% of the effect it decomposed). STAGE 2: build MoDISco input as COMPOSITION-CENTRED hypothetical contributions — at each position subtract the mean of the 4 base-substitution Δ values, removing the 'all four bases move together' term that IS the rolling-GC/composition confound of trap 2, leaving only base-identity preference. This is the same operator logic that made A_vs_T the project's only near-null contrast (control |mean| 0.00111, |t| 1.00), generalised to all four bases. Gate PER ISOFORM before pooling (trap 4): an isoform's positions enter the seqlet pool only where |centred Δ| exceeds the 95th percentile of that same isoform's own control-position distribution. Run TF-MoDISco on the gated tracks, separately for the ATG and stop branches and separately by mechanism class. STAGE 3, which makes it evidence rather than a picture: every seqlet with >=50 supporting instances is implanted with the proposal-3 harness into 300 NAIVE backgrounds — isoforms that contributed no seqlet instance — at a sweep of anchor-relative offsets, against its dinucleotide-preserving shuffle and a GC-count-matched random k-mer of the same length.	(1) Noise floor: the measured no-op floor (3.3e-5) and the method floor at production batch size (~7e-7), plus each isoform's own control-position distribution, which is what the gate thresholds against. (2) Other positions: MoDISco run identically on ISM tracks of the SAME windows restricted to positions >150 nt from either anchor, where the biology predicts no anchor-related element; seqlets recovered there are the artifact class and calibrate how many seqlets this pipeline manufactures from nothing. (3) Matched population: Stage 3's naive backgrounds — isoforms contributing no instance of the seqlet — the only reference that can distinguish 'the model reacts to this because it co-occurs with something' from 'this element causes the shift'. Explicit non-use of permuted-label FDR: section 6 kills it at the causal gate because the null count is ~0 by construction; the nulls here are the distant-position MoDISco run and the per-seqlet shuffle control, both with non-degenerate null distributions.	MoDISco's top seqlets being GC-extremal k-mers with no positional concentration — the composition confound surviving the centring, and the outcome TF-MoDISco is most criticised for. Or seqlets recovered at the same rate from the >150-nt distant-position control run. Or seqlets that consolidate cleanly but produce no effect above their own dinucleotide-shuffle when implanted into naive backgrounds, meaning the ISM peaks were background-specific epistasis and not elements. None of the three pre-registered predictions being recovered is itself a clean negative and is the most likely single outcome.	days
R1-priorart-1	R1	priorart	The out-of-frame upstream AUG: an identical-3-mer implant whose only variable is codon phase, refereed by gnomAD depletion of uAUG-creating SNVs	The trinucleotide ATG located in the 5'UTR at a codon phase != 0 relative to the slot's own start codon (an oORF/uORF-creating uAUG), as against the identical ATG at phase 0 (an N-terminal extension). Named, localizable to a single transcript index, and mechanistically the distinction the brief draws in section 2.	(1) Implant bank. N=1,500 isoforms with ref_atg_available and ref_utr5_length >= 150 (23,306 qualify; 13,049 have >= 300 nt), slot 0, ATG window at W=2000 so the upstream reach is 1000 nt and is clipped only by the transcript start (the midpoint clip binds only inward -- data_prep.py encode_transcript_orfs, limit_hi=mid). At every filled index p in [-300,-10] relative to the start codon's A, write ATG over p, p+1, p+2 and recompute channel 5 with the exact recompute_gc used in analysis_plans/measure_position_bank.py. Channels 4 and 6-8 are geometric and are NOT touched. (2) The operator. The implanted 3-mer is IDENTICAL at all three phases -- only its position moves by 1 nt. Composition is therefore exactly matched, and the rolling-GC channel differs only through a <=2 nt shift of the single G, i.e. at <=4 of 2000 indices by 1/51 each, against 51 indices x 1/51 for any single-base G-vs-A operator. Run a second GC-frozen arm (channel 5 held at pre-implant values); if the phase contrast survives both arms, composition is excluded. (3) Frame-matched exclusions (trap 3). Drop (isoform,p) where the implant creates or destroys an in-frame stop, destroys a pre-existing ATG, or falls within 3 nt of a junction mark; report exclusion rate PER PHASE and drop any p whose per-phase rates differ, rather than reweighting. (4) Stratify phase-0 implants on whether an in-frame stop lies between the implant and the main AUG -- a phase-0 ATG with an intervening stop is a real 5'UTR uORF, not an extension, and must not be pooled into the null arm. (5) External arm. Lift transcript index to genome via gencode.v49.primary_assembly.annotation.sorted.gtf.gz (ENST, 16,068 isoforms) or nmd_isocall_4ct.gtf.gz (novel, 25,697); enumerate every genomic position where exactly one substitution creates an ATG; classify the created ATG's phase against the reference CDS; then compare gnomAD v4.1 observed-SNV rate and mean AF, phyloP100way mean, and ClinVar P/LP counts across phase classes. (6) Linkage: does the per-isoform model phase-contrast rank correlate with the per-gene gnomAD phase-specific depletion, at matched gene LOEUF, 5'UTR length decile and 5'UTR GC decile?	Three references, as trap 1 demands. (i) Method noise floor: the same ATG at phase 0, the mechanistically null phase, with identical composition and near-identical GC -- this is a within-operator null, not a different operator. (ii) Other positions: the existing 37-position frame-matched control bank (results_interp_all/bank_slot0_n500.npz), extended upstream to the same span, plus implants of AGT/GAT/GTA at the same p (same mononucleotide composition, no start codon). (iii) Matched population: for the gnomAD arm, positions in the SAME 5'UTRs and the SAME genes where one substitution creates a composition-matched non-AUG 3-mer, with gene LOEUF, 5'UTR length and GC matched -- so the contrast cannot be 'uAUG positions sit in constrained genes'.	(a) Phase-0 implants give the same Delta as phase-1/2 -- the model reads 'an ATG' but not its frame, so the discovered element is just 'ATG', not 'oORF-creating ATG'. (b) The phase contrast vanishes in the GC-frozen arm -- it was composition (trap 2). (c) gnomAD shows equal depletion at phase-0 and phase-1/2 uAUG-creating positions -- the human population does not resolve the frame distinction, so the model's frame reading is not the biology. (d) The per-isoform gated fraction sits at 50% with a wide CI, i.e. the same near-symmetric distribution the Kozak -3 operator produced (+0.00007 median, 52.1% positive). False-negative confounder to check first (trap 7): 5'UTRs shorter than the implant span, and transcripts where the midpoint clip has eaten the upstream region, both of which silently reduce eligible p and would flatten the contrast without the model being silent.	days
R1-priorart-2	R1	priorart	Stop-to-nearest-downstream-junction spacing: the sequence branch's boundary should be the 42 nt receptive field, not the 50 nt biological rule, and ClinVar/gnomAD supply the true ruler	The spacing, in transcript nucleotides, between the last base of a stop codon and the nearest downstream exon-exon junction. A positional relation, which section 1 admits as a sequence element, and the single most consequential one in NMD.	Stage 1 (the cheap gate, one day, no downloads). Natural arm, on-manifold, no implants. Take the 7,912 reference-CDS slots with a downstream junction, restrict to those with EXACTLY ONE downstream junction so that n_downstream_ejc is constant across all distance bins by construction, and bin by stop-to-junction distance in 4 nt bins over 0-200 nt. Read the per-slot verdict g(e_r) using the classifier-inside-the-mixture decomposition the brief already validated (0.0008 AUC cost, no retraining, makes selection-vs-verdict exact) -- so no slot ablation anywhere, avoiding the attention-dilution failure that killed inference-time flag ablation. Fit the bin curve and locate the knee by segmented regression with a gene-clustered bootstrap. Window control: repeat at stop windows 500, 1000 and 2000. A receptive-field knee does not move with window width; a truncation artifact does. If there is no knee, stop -- that is already a publishable negative about the sequence branch. Stage 2 (only if a knee exists). Variant arm. From the ClinVar GRCh38 VCF take single-nucleotide nonsense variants (P/LP and B/LB separately) falling in the 16,068 ENST isoforms of the model universe; map genome -> transcript coordinate through the GENCODE GTF; implant the base; recompute the ORF's stop; rebuild the stop window from the TRUE junction table with encode_window_v5; score under (a) tabular held at the reference slot's values (sequence-only) and (b) tabular fully recomputed. Bin identically. Stage 3. Compute the empirical human curve on the same distance axis, independent of the model: fraction P/LP among ClinVar nonsense vs distance, and gnomAD v4.1 pLoF observed-count and mean AF vs distance restricted to LOEUF < 0.35 genes. The test is whether the model's sequence-only knee lands at 42 or at ~50, and whether the full-model knee lands at ~50 (it should, because n_downstream_ejc carries the rule exactly).	(i) Noise floor: the same binned curve computed for junctions UPSTREAM of the stop at matched absolute distance, where no EJC rule applies -- any knee there is method noise. (ii) Other positions: the same curve for stops whose nearest downstream junction lies in the last exon region, i.e. the known NMD-escaping stratum, which must be flat. (iii) Matched population: ClinVar B/LB nonsense and gnomAD common pLoF give the identical distance axis with the pathogenicity axis removed; gnomAD in particular is unannotated observational data, so it cannot inherit ClinVar's curation of the 50 nt rule.	(a) The sequence-only curve is flat at every window width -- nothing about spacing is sequence-borne and the whole positional relation lives in n_downstream_ejc. This is a clean, architecture-predicted negative and would be worth stating outright. (b) The knee sits at 150+ nt -- then it is not the receptive field and the mechanistic story is wrong. (c) ClinVar's own empirical curve knees at 42 nt too -- then the boundary is curation, not biology; excluded by the gnomAD arm. (d) The knee moves with stop-window width -- it was truncation. Circularity guard (trap 6): this conditions on the annotated ORF, which the brief flags as circular when ORF identification is half the task. The escape is that the slot is held fixed throughout and only the stop POSITION moves within it; nothing about which ORF is selected enters either arm.	day
R1-priorart-3	R1	priorart	Conserved uORFs: does the model's uORF response track vertebrate conservation, or only the AUG-plus-stop arithmetic any 5'UTR generates?	The start codon and Kozak context of an upstream ORF whose span carries the conserved-uORF signature -- elevated phyloP100way over the uORF body together with in-frame preservation of its stop codon -- as against a length-, Kozak- and position-matched non-conserved uORF drawn from the same universe.	(1) Universe: the 16,475 isoforms with >=1 out-of-frame uORF, restricted to the ~5,913 upstream-PTC isoforms where a uORF actually occupies a slot (section 4). (2) Conservation score, computed here rather than taken from a published list: lift each uORF's transcript span to genome through the GENCODE v49 GTF (ENST) or nmd_isocall_4ct.gtf.gz (novel); take mean phyloP100way over the span; separately score the frame-preservation signature as phyloP at the uORF stop codon minus phyloP at its immediate flanking codons. Split at top vs bottom tercile on both, requiring agreement. (3) Matching, pre-registered and exact where possible: uORF length +/-10%, kozak_score level exact (it is a 3-level integer, so exact matching is cheap), uORF-stop-to-main-AUG distance +/-20%, the uORF slot's n_downstream_ejc exact, slot 0's n_downstream_ejc exact, gene LOEUF decile, 5'UTR GC decile. Matched pairs only, no regression adjustment. (4) Readout by decomposition, never by ablation: per-slot verdict g(e_r) and attention alpha_r, using the classifier-inside-the-mixture rearrangement. Slot masking is deliberately avoided -- the brief measured that inference-time ablation shrinks controls 0.66x alongside targets 0.42x, i.e. it measures attention dilution, and a matched-pair design would inherit that bias in both arms without cancelling the level. (5) Within-gene arm: for genes contributing >=2 model isoforms that share the same uORF, run the pair contrast within gene, which is the brief's own validity framework (0.919 sibling concordance; 0.803 at matched slot-0 EJC count).	(i) Noise floor: the identical paired contrast between two NON-conserved uORFs drawn under the same matching criteria -- a pure null that inherits every matching artifact. (ii) Other positions: the same conservation-tercile split applied to a random non-uORF 5'UTR span of equal length in the same isoforms, which must show no verdict difference; if it does, phyloP is tracking something 5'UTR-wide rather than the uORF. (iii) Matched population: LOEUF-decile matching at the gene level, so the result cannot be 'conserved uORFs sit in constrained genes with different expression and therefore different mashr labels'.	(a) Conserved and non-conserved uORF slots have identical verdicts and identical attention at matched arithmetic -- the model's uORF response is arithmetic only. Given the 33 nt ORF floor (which excludes canonical 3-codon regulatory uORFs like ATF4 uORF1 outright) and the Kozak-tie slot selection (mean 6.3 tied at each isoform's maximum, broken by transcript order), this is a live and even likely outcome, and stating it would materially change what the paper can claim. (b) The non-uORF control span shows the same conservation split -- phyloP is a gene-level proxy, not a uORF signal. (c) The effect survives only in the unmatched comparison -- matching was doing the work. False-negative confounder to check first (trap 7): novel isoforms whose 5'UTR coordinates come from the isocall GTF rather than GENCODE may have systematically noisier genomic lift, which would blur phyloP and flatten a real contrast; run the ENST-only subset as a sensitivity arm.	days
R1-priorart-4	R1	priorart	The stop tetranucleotide as a termination-efficiency element: GC-exact TGA-vs-TAG and +4 operators, refereed by conserved-readthrough genes and by transfer to mouse orthologs	The four nucleotides spanning a stop codon and its immediately following base -- stop+1..stop+4 -- at a PTC. The operators are GC-exact by construction: TGA <-> TAG is a pure permutation of {T,G,A} with the G held at the same offset within the codon, and at +4 the pairs are C <-> G and A <-> T.	(1) ISM restricted to the three stop-codon indices and the +4 index of slot 0's stop window (the stop's middle base sits at W//2 and the codon at {W//2-1, W//2, W//2+1}, verified in data_prep.encode_transcript_orfs; +4 follows the pos_to_index convention already used in analysis_plans/measure_position_bank.py). GC-exact operators only: TGA<->TAG (the G stays at codon offset 2, so the rolling-GC channel is EXACTLY unchanged -- the only 3-mer operator in this project with a literally zero composition residual), plus +4 C<->G and A<->T, which is the operator class section 5 already validated for Kozak -3. Recompute channel 5 via recompute_gc, and run a GC-frozen arm as a second reading. (2) Frame-matched exclusions (trap 3): a +4 substitution can create a new in-frame stop one codon later or destroy a downstream ATG; report the exclusion rate per operator and drop any position whose per-operator rates differ -- the brief measured 23.6% vs 8.7% created-motif exclusion at two codon offsets, so this is not optional. (3) Pre-registered stratification by the perturbed slot's own PTC status, because section 5 already found the Kozak effect's sign follows exactly that (+0.0087 EJC-triggering vs -0.0001 not); discovering the same stratification post hoc here would be worthless. (4) External arm 1, conserved readthrough: define the readthrough set locally rather than from a published list -- elevated phyloP100way with preserved codon periodicity over the first ~60 nt of the 3'UTR, computed from the phyloP track and the GTF. Prediction: at matched n_downstream_ejc and matched ref_utr3_length decile, those genes' annotated-stop slots carry a lower verdict and a larger |Delta| under TGA<->TAG. (5) External arm 2, species transfer as the artifact control: build the identical 5-slot input for mouse GENCODE vM transcripts -- the pipeline needs only a transcript FASTA, a junction table and the five tabular numbers, all derivable from a GTF plus a genome -- run the human-trained checkpoints unchanged (section 3: no parameter depends on K and the encoder is shared, so nothing needs refitting), and apply the identical tetranucleotide operator. Prediction: the sign and rank ordering of the tetranucleotide grades transfer.	(i) Noise floor: the existing 37-position frame-matched control bank at the same GC-exact operators, plus the same operators applied at the +7 and +10 indices -- same frame offset, no termination role. (ii) Other positions: the annotated stop of slots whose stop is NOT EJC-triggering, where termination efficiency should carry no NMD consequence; a signal of equal size there means the effect is a nucleotide preference, not a termination readout. (iii) Matched population: the conserved-readthrough gene set matched to non-readthrough genes on n_downstream_ejc, 3'UTR length decile and LOEUF decile; and mouse, which is the population match at the species scale and the only reference in this entire brief that is outside the corpus altogether.	(a) TGA<->TAG gives the same gated Delta as frame-matched controls. (b) The sign is opposite to the known termination grading -- e.g. TGA-C raising the NMD verdict. (c) The effect is equally present in the non-PTC stratum, so it is a general nucleotide preference. (d) Nothing transfers to mouse: the sign structure inverts or collapses. (d) is the most informative negative in the whole set, because it would say the element is corpus-specific -- and given the brief's warning (trap 7) that a confident negative here has twice been a confounder, the pre-specified confounder to rule out first is the mouse junction table: if mouse windows are built with a different junction density or 3'UTR length distribution, transfer can fail for reasons that have nothing to do with the element, so the mouse cohort must be matched to the human cohort on n_downstream_ejc and 3'UTR length before the transfer is read.	days
R1-priorart-5	R1	priorart	Purifying selection on the verdict-setting junction: are splice sites whose loss would flip the NMD call more constrained than splice sites whose loss would not?	The exon-exon junction lying 50-200 nt downstream of a stop codon -- the 'verdict-setting junction' -- localized to its donor and acceptor splice sites, i.e. the ~17 nt spanning the -3..+6 donor and the -12..+2 acceptor. In this dataset 1,289 reference-CDS slots have their nearest downstream junction at 50-80 nt and 2,104 at 80-150 nt, so the stratum is large.	(1) Use the model as a scoring function only. For each junction j in each reference-anchored isoform, compute the counterfactual verdict change from removing j: clear the channel-4 mark for j in the stop window AND decrement n_downstream_ejc -- the internally consistent joint edit. Define flip score = |Delta g(e_r)| under the per-slot-verdict decomposition. (2) Take the top and bottom deciles of flip score. (3) Match, pre-registered: MaxEnt donor and acceptor score decile (computed from sequence, so it is independent of the model), exon rank from the 3' end, exon length decile, intron length decile, gene LOEUF decile, and isoform expression decile. Matched pairs only. (4) External arm, three independent measures on the SAME +/-8 nt splice regions: gnomAD v4.1 observed-SNV density and mean AF; mean phyloP100way; ClinVar P/LP splice-region SNV counts. (5) Built-in positive control: a correct method must recover the known ~50 nt boundary as a byproduct -- junctions inside the last exon and junctions within 50 nt of the stop should fall in the low-flip decile without being told to, since that is what the ACMG PVS1 flowchart already encodes.	(i) Noise floor: the identical matched-pair contrast between two LOW-flip junctions, which inherits every matching artifact and must show no difference. (ii) Other positions: the same gnomAD/phyloP contrast computed over deep-intronic windows 200 nt from each junction of the same pairs, which must be null -- if it is not, the constraint is regional rather than splice-site-specific. (iii) Matched population: MaxEnt-decile matching is the load-bearing one, because strong splice sites are both more conserved and more likely to be scored as verdict-setting; without it the whole result is 'the model likes strong junctions'.	(a) No difference in gnomAD depletion or phyloP between high-flip and low-flip junctions at matched splice strength -- the NMD consequence of a junction carries no detectable selective signature at this sample size, and the model's positional relation is invisible to selection. (b) The difference disappears once MaxEnt decile is matched -- the flip score was reading splice-site strength. (c) The deep-intronic control shows the same contrast -- it is regional constraint. (d) The method fails its own positive control by placing last-exon junctions in the high-flip decile -- then the flip score is not measuring what it claims. Ablation-adjacency, stated explicitly: this is the closest proposal here to section 6's dead 'inference-time flag ablation'. It escapes because (i) the dead method ablated is_ref_cds/is_sqanti_cds to ATTRIBUTE contribution between modalities and failed because ablation shrinks control positions 0.66x alongside targets 0.42x, i.e. it measured attention dilution; (ii) here the edit is a coherent single-junction counterfactual with the tabular count updated to match, (iii) the output is used only as a RANKING to define two sets, and (iv) all evidentiary weight is carried by gnomAD/phyloP/ClinVar, not by the magnitude of the model's Delta -- so any residual dilution bias is common to both arms of a matched pair and cannot generate the external contrast.	days
R2-the-relation-1	R2	the-relation	Stop-codon identity as a termination-efficiency signal, measured by the one composition-exact operator this project has	The identity of the terminating codon of the supplied parse — specifically the adjacent A<->G transposition at stop-codon positions 2 and 3 that carries UAG <-> UGA (window indices W/2 and W/2+1 of the stop branch).	Refactor analysis_plans/measure_position_bank.py to anchor on stop_windows instead of atg_windows (frame_span/eligibility must be re-derived because the stop branch clips with limit_lo=mid, not limit_hi). Sweep all four bases at W/2 and W/2+1 and cache raw per-(member, isoform, position, base) log-odds, exactly as the existing bank does, so the operator is chosen after the forward passes. Primary operator = the adjacent A<->G transposition (UAG->UGA). This is not merely GC-matched, it is multiset-identical: only ~2 entries of the 51-nt rolling-GC array change, by 1/51, versus 51 entries for UAA<->UAG, a ~25x reduction in the composition term that trap #2 says dominates every single-base operator here. Control bank: the identical adjacent A<->G transposition applied at in-frame codons elsewhere in the stop window whose positions 2-3 are {A,G} and whose first base is not T (so no stop is created or destroyed), frame-offset-matched on both arms per trap #3, spread over +/-60 and again over the downstream extent to +250. Created-AUG / created-stop exclusions enumerated per isoform before any contrast, using the existing excl logic. Conditioning arms: (i) slot-0 stop EJC-triggering vs not, at matched slot-0 attention (the same conditional that reversed the Kozak -3 sign); (ii) within mechanism class PTC+ only (n=6,864 from results_interp_all/mechanism_classes.tsv), where every stop is premature so the provenance marker is saturated and a residual effect is about termination at a PTC.	Comparison: the same adjacent A<->G transposition at frame-matched in-frame non-stop codons elsewhere in the same stop window of the same isoform. Matched on operator, base multiset, GC neutrality, edit distance (2 bases), codon frame offset, exclusion regime and recomputation path — everything but position. Literature anchor for the termination-efficiency hierarchy and the causal direction: Cridge, Crowe-McAuliffe, Mathew & Tate, NAR 2018 (3' nucleotides in the ribosomal mRNA channel set termination efficiency; UAA most efficient, UGA leakiest), already the reference cited at orf_model_report_v5.Rmd:1209; and Amrani et al., Nature 2004, that inefficient/aberrant termination is what triggers NMD.	Target |t| inside the bulk of the transposition-control distribution, or members disagreeing in sign, refutes any stop-identity claim. A UNIFORM positive UGA effect with no dependence on EJC-triggering status and none surviving within PTC+ refutes the termination-efficiency reading and demotes the finding to a provenance marker — which would be a positive result for the ledger, since it retires claim 5.3.3's mechanistic gloss. A negative UGA effect present only where the slot's stop is EJC-triggering supports readthrough biology and requires the report's current interpretation to be reversed.	hours
R2-the-relation-2	R2	the-relation	The stop tetranucleotide: +4 identity conditioned on stop identity, tested as an interaction rather than a main effect	The nucleotide at +4 (first base 3' of the stop, stop-window index W/2+2) in combination with the stop codon itself — the UGA-C / UAA-G tetranucleotide termination signal, plus the tandem-stop arm at +4..+6.	Enumerate the anchor design fully: 3 stop identities x 4 bases at +4 = 12 cells, paired within isoform, one batched forward pass per isoform per member, channel 5 recomputed on every arm and the baseline built through the same recomputation path (the measured stored-vs-recomputed offset is systematic and does not average out). Operators are re-cuts of the cached four values: G_vs_C and A_vs_T at +4, both GC-matched. The primary statistic is the difference-of-differences [ (+4 G-vs-C | UGA) - (+4 G-vs-C | UAA) ]. Exclusions: cells where the +4 substitution creates an in-frame stop at +4..+6 are removed from the primary contrast and reported as the separate tandem-stop arm (ANALYSIS4 measured 18.9% created-stop at the start anchor's +4; the stop-anchor rate must be re-measured, not assumed). Control reference: the identical 3x4 design and the identical difference-of-differences computed at every frame-matched control position in the stop-window bank of H1.	Comparison: the same difference-of-differences at frame-matched control positions, which should be null by construction — this cancels the documented model-wide preference for G (a main effect) that killed the start-window +4 claim, because a uniform base preference contributes identically to both halves of the interaction. Literature anchors: Namy, Hatin & Rousset, EMBO Rep 2001 (the six nucleotides 3' of the stop set termination efficiency); Loughran et al., NAR 2014 (efficient natural readthrough in mammalian genes, UGA-C contexts); Cridge et al., NAR 2018.	The interaction lands inside the control-position interaction distribution, or the +4 G-vs-C effect is the same size at UAA and UGA anchors. Either refutes 'the model reads a tetranucleotide termination signal' and leaves only a base preference — the same verdict already reached for start-window +4, reached this time against a reference that could have shown otherwise.	hours
R2-the-relation-3	R2	the-relation	Where is 'the' stop? A max-pool saturation test that decides whether any stop-identity result is statable as termination biology	The multiset of in-frame stop codons present in the stop window's downstream extent, versus the single terminating codon at the anchor.	Three arms on the H1 cache plus one extra sweep. (a) Stratify the per-isoform H1 effect by presence/absence of a downstream in-frame stop of the substituted identity within the window, matched on n_downstream_ejc, mechanism class and window GC decile. (b) Transplant profile: apply the same adjacent A<->G transposition to in-frame UAG codons at distances d in {+21, +42, +84, +150, +250, +400} downstream of the anchor, one d per pass, and plot per-isoform |Delta| against d with the anchor as d=0 of the same profile. (c) Frame control at every d: the identical transposition applied to the same bases shifted by 1 nt, so the triplet is out of frame — identical base multiset, identical local arrangement up to a 1-nt shift, the only systematic difference being whether channels 6-8 mark the triplet as in-frame.	Comparison: (i) the anchor is d=0 of the same distance profile under the identical operator, so target and reference differ only in position; (ii) the 1-nt-shifted out-of-frame arm at each d holds base content constant and varies only frame-channel register. Architectural reference: the brief's own verified facts — global max over the length axis, conv2 receptive field 42 nt, mid-pool quantisation to 4 nt.	An anchor effect undiminished by a pre-existing downstream in-frame stop TOGETHER WITH a near-zero downstream transplant effect refutes the delocalization hypothesis. That outcome is the more interesting one: it would mean the model does localize the terminating codon despite global max pooling, which licenses reading H1 and H2 as biology about termination rather than about 3' composition. Confirming delocalization means H1/H2 must be restated as 'in-frame stop-codon content of the 3' region', which is a weaker but still nameable sequence property.	hours
R2-the-relation-4	R2	the-relation	Readthrough escape geometry: the next in-frame stop, and whether a junction sits between it and the supplied stop	The position and identity of the FIRST in-frame stop codon downstream of the supplied stop, and the count of exon junctions in the interval between the two.	Operator is a mononucleotide-preserving permutation, which is explicitly NOT the dead dinucleotide-preserving 3-mer shuffle (that was the identity map because all 64 3-mers have exactly one dinucleotide-preserving arrangement; a mononucleotide-preserving permutation of UAG has 5 alternatives, of which AGU/GUA/GAU are valid after excluding UGA as still-a-stop and AUG as a created start). Permute the first downstream in-frame stop to a valid non-stop arrangement of the same three bases, exclusions enumerated per isoform for created AUGs and created stops in any frame within the local 5-mer. Then stratify by whether the NEXT in-frame stop after the destroyed one lies beyond vs before the last junction in the window, and form the difference of differences. Controls: (i) the identical permutation applied at the 1-nt-shifted out-of-frame position — identical base multiset, no stop destroyed; (ii) the identical permutation applied in isoforms where the interval to the last junction does not change classification.	Comparison: the same permutation at a 1-nt-shifted out-of-frame position in the same isoform (composition-identical, frame-register-different), and the same permutation in isoforms whose junction classification is unchanged by it. Literature anchors: Loughran et al., NAR 2014 and Schueren & Thoms, PLoS Genet 2016 for readthrough producing C-terminally extended products terminating at the next in-frame stop; Karousis & Muhlemann, CSH Perspect Biol 2019 (already cited in this repo) for NMD beginning where translation ends.	No difference between the two junction-geometry strata — the model treats destruction of a downstream in-frame stop identically regardless of whether the readthrough termination site would cross the last junction. Given global max pooling and the 42-nt conv2 receptive field, this negative is the likely outcome, and it is informative rather than empty: it localizes a real, nameable relation that the current architecture cannot represent, and makes a concrete retraining recommendation (a downstream-in-frame-stop channel, or a receptive field wide enough to span the interval) rather than a null claim about biology.	day
R2-the-relation-5	R2	the-relation	Poly(A)-signal proximity to the supplied stop, tested by composition-exact hexamer permutation	The AAUAAA hexamer downstream of the supplied stop and its distance from it — the faux-3'UTR / PABPC1-proximity element.	Seven arms at each of d in {+10, +30, +60, +120, +250, +500}: implant AAUAAA, and separately implant each of the five other distinct arrangements of the multiset A5U1 (AAAAAU, AAAAUA, AAAUAA, AAUAAA excluded as target, AUAAAA, UAAAAA). All arms have identical mononucleotide composition and zero GC, so channel 5 is identical across arms up to boundary effects at the two edges of the 51-nt rolling support — the composition confound that trap #2 says dominates is removed by construction, not adjusted for. Run at atg2000_stop2000 so the stop window reaches +1001 and the larger d values are unpadded (ANALYSIS4 measured the stop branch reportable to +501 at W=1000 and +1001 at W=2000). Additional arms: (i) the identical implant at matched distance UPSTREAM of the stop, inside the ORF, where a PAS has no termination meaning but the composition change is identical; (ii) a saturation arm restricted to isoforms that already carry an AAUAAA/AUUAAA within the window, as in H3.	Comparison: the five composition-identical permuted hexamers at the identical position in the identical isoform. Matched on mononucleotide composition exactly, on GC exactly, on position exactly, on isoform exactly — arrangement is the only thing that varies. Secondary reference: the same implant upstream of the stop inside the ORF, where the motif is not a termination signal. Literature anchors: Amrani et al., Nature 2004 (faux 3'UTR promotes aberrant termination and triggers NMD); Silva, Ribeiro, Inacio, Liebhaber & Romao, RNA 2008 (PABPC1 proximity to a PTC inhibits mammalian NMD).	AAUAAA indistinguishable from its own permutations at every d. That is the likely outcome if the model reads only composition, and it would be a clean, defensible negative on the only order-specific (non-compositional) motif claim in this project: with composition exactly matched, a null cannot be blamed on the GC channel. A positive would be the first arrangement-specific motif finding here and carries a distance profile with it.	day
R2-uorf-efficiency-1	R2	uorf-efficiency	The stop-to-junction distance relation is computed from sequence, and its ruler is the receptive field	An exon-exon junction mark (channel 4) lying d nt downstream of the ORF's stop codon; the relation "nearest downstream junction within d of the stop", with d swept 1-400 nt.	Junction-sliding assay on the stop window. Restrict to slots with exactly one channel-4 mark inside the stop window and >=200 nt of filled window on each side of the stop. Relocate that single mark to each d on a grid (1 nt steps over 1-80, 4 nt steps over 80-400), leaving channels 0-3, 5 and 6-8 untouched and holding the entire tabular block fixed at its observed value in every condition. Mirror arm: relocate the same mark to -d, upstream of the stop, inside the filled upstream extent. Readout is the slot's own conditional verdict v_r = cls_head(ReLU(head[0](e_r))), which is exactly what a one-hot attention vector on slot r returns from the unmodified model, so attention dilution cannot enter (this is why the section-6 flag-ablation failure mode does not apply). Five members, n ~2,000 isoforms. Positive control run in the same harness: shift the normalised n_downstream_ejc by 1 SD and confirm it moves v_r by orders of magnitude above the floor, so a flat sliding profile is a real null and not a dead readout.	Three, as trap 1 requires. (a) The upstream mirror at matched |d| - same window, same branch weights, same slot, same isoform, same single mark, same fixed tabular block; only downstream junctions are supposed to count, so the asymmetry IS the claim. (b) The method's own floor: relocating the mark back to its observed index is a no-op, and the same harness measured no-op |effect| max 1.4e-6 at n=500. (c) The architectural ceiling as an independent reference: no stop-junction co-detection is representable past 42 nt, so a smooth ramp extending to 100+ nt cannot be the proposed mechanism and indicts the measurement rather than confirming the biology.	v_r(d) flat across the whole downstream arm within the 1.4e-6 floor, and indistinguishable from the upstream mirror, while the n_downstream_ejc positive control moves v_r by >>floor. That is a clean negative with a real consequence: the ~43% of the decision carried by the EJC count (structural 59-78% x EJC 61-64% within it) would be a number handed to the model that it never reconstructs from sequence, and the paper's "learns NMD rules from sequence" framing would need revision. A knee well beyond 45 nt would also refute the stated mechanism, since the architecture cannot represent it.	day
R2-uorf-efficiency-2	R2	uorf-efficiency	Kozak -3 is an initiation-efficiency signal: it acts on the verdict only through ORF selection	The -3 purine of a candidate AUG, measured under the GC-matched A-vs-T operator (and cross-checked under G-vs-C), at index W/2-4 of the start window.	Exact two-way counterfactual decomposition on the TRUE model, not the factorized approximation. From one baseline pass keep the per-slot embeddings e0 and attentions alpha0; from the perturbed pass keep e1, alpha1. Then evaluate the head on three recombinations: g(sum alpha1*e0) = selection-only, g(sum alpha0*e1) = verdict-only, g(sum alpha1*e1) = both. The residual is the MEASURED interaction, not an assumed additivity - and this is exactly the failure that killed DeepSHAP here (completeness error 129-307%), avoided because these are forward evaluations, not attributions. Recombination is a 64-dim matmul, so the marginal cost over the existing bank sweep is ~zero; the encoder passes are the ones already being run. Report the factorized reading sum_r alpha_r*v_r (probe_head_swap.py, dAUC -0.0008, rank corr 0.9995) as the interpretable cross-check, with its exactness condition (mixed-sign hidden units) reported per isoform since it is already computed there.	The 37 frame-matched control positions carry the identical decomposition under the identical GC-matched operator, giving both the "other positions" reference and, through the interaction term's spread, the method's noise floor. Operator cross-check: a real base-identity effect must appear in both A_vs_T and G_vs_C (each individually GC-neutral) and must NOT be reproduced by GC_vs_AT, which isolates the composition confound. Population reference: strata by the perturbed slot's own PTC status and by attention tercile, both already implemented in analyse_position_bank.py, because the mechanism predicts the sign flip in each.	The verdict term at -3 is comparable to or larger than the selection term, or the per-isoform sign prediction P2 does no better at -3 than at the control positions. Either kills the initiation-efficiency reading: -3 would be changing what the parse means rather than whether it is used, and the interpretation of attention as an ORF-selection probability would lose its main empirical support. A large measured interaction term would also refute the decomposition itself and would have to be reported as such.	hours
R2-uorf-efficiency-3	R2	uorf-efficiency	Termination efficiency at the stop: readthrough context modulates decay only where the stop is EJC-triggering	The stop tetranucleotide - specifically the base immediately 3' of the stop codon (stop-window index W/2+2) under the GC-matched C-vs-G operator, and secondarily the stop codon's own third base (TAA vs TAG).	Single-base substitution at W/2+2 under C-vs-G (the only operator class measured here to have a near-null control reference, trap 2), carrying the position bank's existing created-motif exclusions - a substitution creating a new in-frame stop or a new AUG within +/-2 is dropped, and complete-case only, since a partially excluded side becomes a different operator. Readout is the slot's own conditional verdict v_r, not the transcript logit, which removes attention dilution - the exact confounder that made the flag-ablation result uninterpretable. Primary statistic is a difference-in-differences across the perturbed slot's own PTC status, using build_mechanism_classes.py's window-width-independent PTC call (junction >50 nt past the stop, reference-AUG anchored). Because the C-vs-G GC change is identical in both arms of the DiD, the composition term cancels by construction. Secondary: TAA->TAG (A->G at W/2+1) with the same DiD, where composition cancellation is the only defence available since no stop-identity contrast is GC-neutral.	(a) Frame-matched control positions in the same 3'UTR arm of the same stop window under the identical C-vs-G operator; the created-motif exclusion rate depends on codon offset (23.6% vs 8.7% measured), so controls must share +4's offset. (b) The PTC- slot population as the matched population for the interaction, matched additionally on 3'UTR length, window-local GC and observed base, since PTC+ and PTC- slots differ systematically in all three. (c) The 1.4e-6 no-op floor from the same harness.	Delta_v_r at +4 sits inside the control-position distribution, or the PTC+ / PTC- difference-in-differences is null while the positive control (a PTC-status manipulation of the junction geometry) moves v_r strongly. Also refuting: an effect of equal size at all three stop codons and at both PTC statuses, which would mean the model is reading local composition at the window centre rather than termination context.	day
R2-uorf-efficiency-4	R2	uorf-efficiency	An out-of-frame AUG inside the ORF body is the within-slot signature of an overlapping ORF	An AUG trinucleotide located between a candidate upstream ORF's start and that ORF's midpoint, in a reading frame other than the candidate's own - i.e. an A,T,G in channels 0-3 coinciding with a non-zero frame channel (7 or 8) in the start window.	Two stages, the first a screen and the second the causal test. (i) Screen: compare v_r (per-slot conditional verdict) for upstream-ORF slots in the oORF class against the 5'UTR-terminating class from build_mechanism_classes.py, matched on n_downstream_ejc, ORF length and frac_start. If the classes are indistinguishable, stop - there is nothing to localise. (ii) Intervention: GC-matched destruction of the specific internal out-of-frame AUG that coincides with the reference-projected CDS start, by A->T at codon position 1 or G->C at position 3 (both GC-neutral, so channel 5 is invariant and trap 2 does not bite), with the standard created-motif exclusions. Measure Delta_v_r for the upstream-ORF slot only; the same base in other slots' windows is a separate array copy and is deliberately left untouched, which is what attributes the effect to this parse. Report the propagated (all-slots) substitution as a sensitivity, since window-local editing is the off-manifold version.	(a) Destruction of OTHER out-of-frame AUGs in the same window, at matched distance from the candidate start and matched codon offset - same operator, same exclusions, same GC neutrality, differing only in whether the AUG is the annotated main start. (b) Destruction of IN-FRAME internal AUGs, which by the biology are N-terminal extension starts and not competing ORFs at all. (c) The frame-matched control positions already in the bank, as the noise floor. The (a) contrast is the load-bearing one: it is matched on everything except the element's identity.	Stage (i) null: oORF and 5'UTR-uORF slots have indistinguishable v_r at matched geometry. Or stage (ii) null: destroying the main-start out-of-frame AUG moves v_r no more than destroying a decoy out-of-frame AUG. Either says the model's uORF handling is frame-blind and the potent/leaky distinction is not encoded from sequence - which would be a real finding, because it would mean the model's uORF signal is entirely the supplied junction count.	day
R2-uorf-efficiency-5	R2	uorf-efficiency	An upstream PTC-bearing parse imposes decay in proportion to the initiation strength of its own start - tested by adding it as a sixth slot	An upstream ORF whose stop has at least one exon junction more than 50 nt downstream, taken together with the -3 purine of that ORF's own AUG as the graded modifier of how much initiation it captures.	Three steps. (a) Titration null: duplicate slot 0 m=1..5 times, record dlogit/dalpha per isoform, and verify the softmax redistribution against the exact prediction. (b) Injection with external ground truth: for gene-matched sibling pairs where A is NMD- and B is NMD+ and the two share 5' junction structure (checkable in the local junctions.tsv, so the injected window is sequence A actually contains), inject B's upstream PTC-bearing slot into A at K=6 with B's own tabular block. (c) Graded: edit the injected slot's -3 base under the GC-matched A-vs-T operator and measure d(alpha_new) and d(logit). The chimera is on-manifold for the ENCODER - whose input distribution is over slots, not over transcripts - which is the specific reason this is legal here and would not be in a transcript-level model.	(i) The duplication titration - pure attention movement, zero sequence change, matched alpha_new - which is the strongest available null because it isolates "adding any slot dilutes attention" from "adding THIS parse means something". (ii) Injecting a NON-PTC ORF slot from the SAME donor B: same transcript, same local sequence statistics, same donor, differing only in whether the stop has a junction >50 nt downstream. (iii) Injecting a PTC-bearing slot from an unrelated gene, as the specificity control.	Injection moves A's prediction by no more than the duplication titration predicts at matched alpha_new, or the non-PTC donor slot from the same transcript moves it equally. Either says the model treats an added slot as attention dilution and the element carries nothing. Step (c) refutes separately: if alpha_new is insensitive to the injected slot's -3 base, then selection in this model is driven by the annotation flags (is_ref_cds/is_sqanti_cds) rather than by initiation-context sequence - which is a direct, non-circular motivation for the flags-removed retrain, and unlike inference-time flag ablation it does not measure attention dilution because the titration null subtracts exactly that.	days
R2-stop-context-1	R2	stop-context	The distance kernel: the stop-to-junction rule is a step whose location is pinned to the receptive field, not to 50 nt	The relation d = (position of nearest exon-exon junction downstream of the stop) - (last base of the stop codon), in nucleotides. Not the junction position (supplied, channel 4) and not the junction count (supplied, n_downstream_ejc = sum(junctions > orf_end) over ALL distances, verified in orf_features.tsv) - the arithmetic difference between them, which appears in no table the model reads.	Junction-relocation operator. Restrict to slots with exactly one junction downstream of the stop and inside the stop window. Move that single channel-4 mark to d = 1..400 nt downstream (about 120 sampled values), leaving channels 0-3 and 5-8 byte-identical and leaving n_downstream_ejc at its native value - relocation cannot change sum(junctions > orf_end), so the tabular block is constant by construction. Score all 5 ensemble members at atg1000_stop1000, repeat at atg2000_stop2000. About 600 forward rows per isoform, ~1.3 s at the measured 475 rows/s, so 2,000 isoforms x 5 members is under an hour of wall time at 20-way parallel. DECISIVE ARM (retrain): three architectures identical in parameter count, differing only in conv2 dilation 1/2/3 -> receptive fields 42/63/87 nt (padding = dilation*(k//2)); measure where the step lands in each. NATIVE COMPANION, model-free: empirical NMD+ rate as a function of the same d, computed directly from junctions.tsv + selected_orfs.tsv over all 41,765 isoforms, excluding the 2,240 no_ref_isoform deterministic labels, gene-clustered bootstrap (variance inflation 5.47 already measured).	Three, matched on different axes. (i) NOISE FLOOR: relocate the mark to its own native position through the identical code path; must return exactly zero. The ISM probe's analogous no-op returned 3.3e-5 and was recorded as an indexing error, so this is a live check. (ii) OTHER POSITIONS, within isoform: relocate a natively intra-CDS junction mark over mirrored UPSTREAM distances in slots that also retain their downstream junctions untouched - the tabular count is genuinely unchanged and canonical biology says traversed EJCs are inert, so this arm must be flat. (iii) ARCHITECTURE: the identical relocation in the ATG branch, which has identical kernel sizes, pooling and receptive field but separately trained weights. A receptive-field-shaped step present in both branches is a pooling artifact; one present only at the stop is learned.	No resolvable step in more than half of isoforms; or an upstream mirror kernel with a step height statistically indistinguishable from the downstream one; or the same step shape in the ATG branch; or a downstream curve that keeps declining well past 42 nt without any architectural route to do so. Any of these says the model does not compute the relation and that the ~43% of the decision carried by n_downstream_ejc is junction PRESENCE, not junction distance.	retrain
R2-stop-context-2	R2	stop-context	Proximal-EJC antagonism: does a junction inside 50 nt blunt the trigger from one outside it?	A junction PAIR downstream of a single stop, {d_near <= 50 nt, d_far > 50 nt}. The relation at issue is whether the operative variable is min(d) over downstream junctions or an ANY over d > 50 - i.e. which junction actually decides.	MODEL ARM: two-mark relocation at fixed count. Restrict to slots with exactly two downstream junctions inside the window; hold n_downstream_ejc at its native value throughout (both marks are retained, only their positions move, so the count is invariant). Full factorial d_A in {10, 25, 40, 60, 100} x d_B in {150, 300}; score all 5 members. Ask whether Delta-logit depends on d_A once d_B is outside the receptive field. NATIVE ARM: among isoforms whose reference-AUG stop has at least one junction more than 50 nt downstream, compare NMD+ rate with vs without an ADDITIONAL junction at or under 50 nt, matched on n_downstream_ejc, on 3'UTR-length decile, and on mechanism class from results_interp_all/mechanism_classes.tsv; gene-clustered bootstrap. GATE BEFORE COMMITTING: count the near+far stratum from junctions.tsv + selected_orfs.tsv; run only if it is in the hundreds.	(i) The same factorial with mark A placed UPSTREAM of the stop at mirrored distances - a traversed EJC, which must be inert; this separates 'proximity to the stop matters' from 'a second mark anywhere near the anchor matters'. (ii) In the native data, the identical near-junction contrast restricted to isoforms whose stop has NO junction beyond 50 nt: there is nothing to antagonise there, so any rate difference in that stratum is confounding (junction density, structural category, intron retention) and is subtracted from the interpretation of the main stratum. (iii) Matching covariates chosen to be exactly the ones that co-vary with having a close junction: 3'UTR length, total downstream junction count, mechanism class.	No dependence on d_A at fixed d_B in the model AND no rate difference in the matched native contrast - the rule is a clean ANY and proximal junctions are neutral. A rate difference that appears equally in the control stratum (stop with no far junction) is confounding, not antagonism. The informative asymmetric outcome is also possible and is itself a result: a native antagonism that the model does not reproduce localises something the architecture cannot see.	day
R2-stop-context-3	R2	stop-context	EJC footprint composition: the 24 nt immediately 5' of the triggering junction sets its potency	The 24 nt of exonic sequence immediately UPSTREAM of the first junction lying more than 50 nt downstream of the stop - the EIF4A3 footprint - as distinct from the 24 nt immediately downstream of the same junction and from a GC-matched 24-mer elsewhere in the same 3'UTR.	Block-swap operator on slots with exactly one downstream junction inside the window at d > 50. Three arms, each preserving the transcript's base multiset exactly: (a) swap [-24,-1] relative to the junction with a donor 24-mer from the same 3'UTR at least 150 nt from any junction, chosen to match GC to within 1/24; (b) the identical swap on [+1,+24]; (c) the identical swap between two donor blocks, neither touching a junction. Channel 5 recomputed through data_prep's own rolling-GC path (measure_position_bank.py already reimplements it and verified agreement to 2.4e-4 against the stored channel); channels 4 and 6-8 untouched; n_downstream_ejc untouched. Restrict to junctions inside the unpadded extent, computed by the existing frame_span(), so the ORF-midpoint clip cannot silently truncate a block. Exclusions: any swap that creates or destroys AAUAAA, or that changes the number of channel-4 marks.	Arm (c) is the matched-POSITION reference at matched GC, matched block length and matched operator. Arm (b) is the matched-DISTANCE reference on the other side of the same junction, so distance to the stop, local GC regime and gene are all held. The noise floor is a self-swap (donor block = target block) through the identical code path. Composition is neutralised by construction rather than by argument - the base multiset of the transcript is invariant under every arm - which is the only class of operator that has ever produced a near-null control here (GC-matched A vs T, G vs C).	Arm (a) indistinguishable from arm (c): junction potency is not composition-modulated in anything the model learned, and 'a junction is a junction' stands. Arm (a) approximately equal to arm (b): the model responds to a junction's neighbourhood but with no 5' asymmetry - generic locality, not EJC deposition, and the footprint claim dies.	day
R2-stop-context-4	R2	stop-context	Termination efficiency modulates the same geometry: UGA vs UAG at an EJC-triggering stop	The stop tetranucleotide at a stop whose geometry already satisfies the >50 nt rule: codon identity UGA vs UAG (exact anagrams - identical base multiset) and the stop's +4 base.	Transposition operator: swap bases 2 and 3 of the stop codon (UAG <-> UGA). The codon's base multiset is exactly preserved and the rolling-GC channel moves by at most one position - quantify that residual explicitly and require it to be no larger than at the control positions. Separately, a GC-matched A-vs-U operator at the stop's +4 (note: this is the STOP's +4, untested; the START's +4 is already dead and is a different position). Run all 5 members. Stratify the population by whether the perturbed slot's own stop is EJC-triggering, using the ptc array in results_interp_all/mechanism_classes.npz, at matched slot-attention weight - the same stratification that already exposed the Kozak sign flip (+0.0087 triggering vs -0.0001 not).	The identical 2<->3 transposition applied at every IN-FRAME codon in the same window whose bases 2 and 3 are {A,G}: same operator, same composition change, same frame, different position. This family cannot create a stop - a codon with T at position 1 and {A,G} at positions 2-3 is already a stop, so no in-frame upstream member exists - which removes the created-motif confounder that killed the Kozak +4 = T operator (18.9% created in-frame stops). The same transposition at OUT-OF-FRAME codons is the frame-matched control, mandatory because created-motif exclusion rates differ 23.6% vs 8.7% between codon offsets. Population reference is the non-triggering stratum at matched attention. Native marginal (SF37 stop-codon frequencies from selected_orfs.tsv `stop_codon`) is reported alongside, precisely to show it is GC-confounded and that the operator is the clean instrument.	No UGA/UAG difference at matched geometry; or a difference of the same magnitude at the banked in-frame control codons; or a difference that does not interact with the slot's EJC-triggering status. Any of these says stop identity is a compositional correlate rather than a termination-efficiency signal, and the readthrough story dies.	hours
R2-stop-context-5	R2	stop-context	3'-end proximity as an antagonist of the EJC trigger, not as an independent long-3'UTR trigger	The distance from the stop codon to the transcript 3' end, as a MODIFIER of the stop-to-junction relation. The claim is an interaction term, distinct from the known main effect that long 3'UTRs trigger EJC-independent NMD.	3'-truncation operator: zero all 9 channels beyond distance d downstream of the stop, which is exactly the encoder's view of a transcript ending at d. Sample d = 20..600. Run (a) alone, to obtain a stop-to-end kernel directly comparable to H1's junction kernel, restricting to d greater than the position of every retained junction mark so truncation never removes one (removed-mark counts logged and those cases dropped, not silently averaged); and (b) crossed with H1's junction relocation at a fixed far distance, to obtain the interaction. frac_stop is a tabular feature that also encodes relative 3' position, so run each arm twice - once with frac_stop native, once renormalised to the truncated length through the stored normalization/orf_feat_mean and _std - and report both; their difference separates the sequence-channel route from the tabular route. NATIVE COMPANION: among isoforms with a junction more than 50 nt downstream of the reference-AUG stop, NMD+ rate by stop-to-3'-end decile, matched on n_downstream_ejc and on nearest-junction distance, gene-clustered, excluding no_ref_isoform; plus the same split on SQANTI polyA_motif_found / polyA_dist, which 09_export_polya.py already produces.	(i) The identical truncation applied in the ATG branch, same architecture and receptive field, separate weights: a kernel that appears identically in both is a zero-padding artifact rather than a 3'-end signal. (ii) The interaction is its own reference - the junction step height is measured twice in the SAME isoform, so nothing but the truncation differs. (iii) Noise floor: truncation at d beyond the window half-width, which must be an exact no-op. (iv) In the native arm, matching on nearest-junction distance is what prevents the contrast from collapsing into 'short 3'UTRs have fewer downstream junctions'.	A flat stop-to-end kernel, or a junction step height that does not change with truncation - 3'-end proximity is not an antagonist in anything the stop branch encodes, and the PABPC1 exception is not represented. A kernel present identically in the ATG branch refutes it as a padding artifact. A native rate gradient that vanishes once nearest-junction distance is matched refutes the interaction framing and returns the observation to the already-known long-3'UTR main effect.	days
R2-training-dynamics-1	R2	training-dynamics	Initiation strength at the uORF's own AUG, as a within-isoform paired slot contrast	The base at −3 of the Kozak context of an UPSTREAM, PTC-bearing ORF (purine vs pyrimidine, tested as A_vs_T and G_vs_C separately), with +4 G as a second arm. The element is initiation-context strength at the uORF's own start, not at the main AUG.	Generalize measure_position_bank.py (analysis_plans/) from a scalar --slot to a per-isoform slot vector, taking slot u = most-upstream qualifying PTC ORF and slot m = the is_ref_cds slot from results_interp_all/mechanism_classes.npz (fields up/most_up/mi/ptc). Bank = {−3, +4} plus every frame-offset-matched control within ±60 (37 positions; the offset-matching is already implemented and is load-bearing — created-motif exclusion is 23.6% at one offset vs 8.7% at another). Operators A_vs_T and G_vs_C as primary (each individually GC-neutral), GC_vs_AT alongside as the deliberate confound isolate, purine and G_vs_notG for continuity with the existing runs; complete-case sides only. Five members (results_4ct_sweep, seeds 100–500), both tags. TWO DESIGN CHANGES FROM ANALYSIS 5, both required here: (i) the substitution is a TRANSCRIPT-COORDINATE perturbation propagated to every window covering that coordinate with channel 5 recomputed in each — the uORF's −3 lies in the 5′ leader and is almost always also inside the main slot's 500 nt upstream ATG window, so window-local perturbation is not just off-manifold, it silently breaks the pairing; window-local becomes the sensitivity arm, not the headline. (ii) Every effect is additionally re-scored with attention FROZEN at baseline (mix the perturbed per-ORF embeddings with the baseline attn_weights, then run model.classifier), splitting each effect into a selection term and a verdict term. Mechanism predicts the selection term carries it.	Three references, per trap 1. (1) Method noise floor: the no-op cells (observed base substituted for itself), measured at 3.3e−5 to ~7e−7. (2) Other positions: the 37 frame-offset-matched controls, each carried through the identical two-slot pairing, so the reference is a distribution of D and not of Δ. (3) Matched population: the same two-slot pairing in PTC− no-trigger isoforms (n=15,765), where the upstream slot's stop is clean — D must be ≈0 there. Plus observed-base stratification, which is not optional: Kozak-filled slots are 93.1% purine at −3 against 79.6% for ref_cds slots, so slot u and slot m differ in composition at the target position by construction.	Median D_i ≈ 0 with D at −3 sitting inside the control-position distribution, in BOTH GC-neutral operators, at n≥2,000 and eligibility ≥90%. Or D is real but equally large in the PTC− no-trigger population — then it measures 'perturbing a non-reference window', not initiation. Or D appears only in GC_vs_AT and vanishes in A_vs_T and G_vs_C — composition, not identity. One eligibility caveat that must be reported rather than discovered later: the midpoint clip means a uORF of 33–60 nt has only ~17–30 nt of filled downstream extent, so the +4 target survives but its region-matched downstream controls (+7…+58) do not exist for short uORFs — the +4 arm loses its matched reference in exactly the short-uORF stratum, and must be reported on the upstream-control arm with that stated. Note also that the paired design is the specific fix for why +4 died: a GLOBAL preference for G is common to both slots and cancels in D, so +4 gets one fair re-test here and is not a re-proposal of a dead result.	day
R2-training-dynamics-2	R2	training-dynamics	A created AUG raises susceptibility only when the ORF it opens is EJC-triggering	An AUG triplet created in the transcript by a single substitution, classified by the RELATION between the stop of the reading frame it opens and the nearest downstream exon junction: PTC-opening (junction >50 nt past the new stop) vs clean-opening.	THE PILOT COSTS ZERO FORWARD PASSES. measure_position_bank.py writes vals for all four bases unconditionally and only flags created-motif cells in a separate `excl` array, so results_interp_all/bank_slot0_n500.npz already contains 5-member Δlogit for every AUG-creating substitution it ever measured. Step 1: from the H5 windows, separate created-AUG cells from created-stop cells, which the single `excl` boolean currently conflates (the flag fires for either). Step 2: for each created-AUG cell, decode from the window's own channels the new frame relative to the slot's AUG, the first in-frame stop downstream, and whether a junction lies >50 nt past it — using build_mechanism_classes.py's exact >50 nt rule including the beyond-window rescue via n_downstream_ejc, so the call is window-width independent. Step 3: contrast PTC-opening vs clean-opening. Production run afterwards at n≈2,000 with the upstream arm (5′ leader: genuine new uORFs) and the downstream arm (internal out-of-frame AUGs) as separate strata, and the substitution propagated across overlapping windows.	(1) Non-AUG-creating substitutions at the same positions and bases — the null operator, carried through the identical within-isoform pairing. (2) Created-STOP cells, the other motif class, which truncate the slot's own ORF and must behave differently; if PTC-opening and stop-creating cells move together, the readout is measuring motif creation in general. (3) Population reference: PTC− no-trigger isoforms (n=15,765, 2.2% NMD+), where creating an EJC-triggering uORF has maximum headroom, against PTC+ isoforms (n=6,864, 70.0% NMD+), where the message is already doomed and the contrast should compress toward zero. Method floor as in H1.	The paired PTC-opening-minus-clean-opening difference is centered on zero and sits inside the distribution of the same statistic computed for non-AUG-creating substitutions. Given the 42 nt receptive field this is a live and expected-by-some outcome, and a clean null is a real result: it is direct evidence that the model has no sequence-side route from a new start site to its downstream junction relation, which is the strongest available argument that n_downstream_ejc is doing the work rather than being recomputed. Confound to exclude before believing a positive: created-AUG cells are base-asymmetric and offset-asymmetric, so the contrast must be formed within (substituted base × frame offset × arm) cells, never pooled across them.	hours
R2-training-dynamics-3	R2	training-dynamics	Reinitiation competence — uORF length and the intercistronic gap modulate the initiation effect	Two geometric relations of the supplied upstream parse: (a) the uORF's own length, and (b) the intercistronic gap orf_start(main) − orf_end(uORF), which is negative for an oORF that reads into the CDS.	Primary arm rides entirely on H1's forward passes: stratify H1's per-isoform statistic D_i by (a) uORF length in strata the data supports — the ORFik scan floor is 33 nt and 467,424 of 1,540,674 scanned ORFs are 31–60 nt, so the short stratum is real and populated — and (b) the gap, including the negative-gap oORF class (n=626). Secondary, model-free label arm: NMD+ rate against the gap within the 5,287 proper-uORF isoforms, matched on the uORF's own n_downstream_ejc, the isoform's junction count, transcript length and GC. Third, mechanism-localizing and explicitly secondary because it is off-manifold: sweep the uORF slot's frac_stop across the main slot's frac_start, once with n_downstream_ejc held at baseline (isolating the reinitiation relation from the EJC count) and once co-varied (the realistic move), restricted to frac_stop values that actually occur for uORFs of this class. This is a graded counterfactual on a continuous geometric feature, NOT modality ablation — the distinction matters because inference-time flag ablation is dead here for measuring sequence contribution.	The same length/gap stratification applied to the CONTROL positions' D — the gradient must be absent there, otherwise it is a property of the stratum (short uORFs have less filled window extent, which changes padding and therefore the method's behavior at every position). Population reference: PTC− no-trigger isoforms, where the gap is defined but there is no trigger, so no gradient should exist. Eligibility reference: report per-stratum n and the eligibility rate, because short uORFs lose their downstream control arm entirely (see H1).	D_i flat across length and gap strata, and the label-side gap gradient null after matching. This starts from a measured null rather than from enthusiasm, which is the point: the UNMATCHED binary is already flat — proper uORF 12.6% NMD+ (n=5,287) vs oORF 12.8% (n=626). So a positive must come from the graded relation and the matching, and if it does not appear there, the reinitiation axis is dead in this dataset and should be reported as such. Architectural caveat that must be stated with any negative: the gap is a CROSS-SLOT relation, attn_score sees one slot at a time and cannot compute it, and only the mixture + head can — so a negative on the model-side arm is partly architectural, whereas a negative on the label-side arm is not. The label arm is what decides the biology.	hours
R2-training-dynamics-4	R2	training-dynamics	Scanning order — the 5′-most competent PTC-bearing uORF sets the verdict, not the count	The ordinal position of a PTC-bearing upstream ORF within the leader (5′-most vs distal), and the −3 initiation context of the 5′-most one. The element is ORDER, a positional relation among supplied parses, not a count.	Run H1's operator and bank at EVERY PTC-bearing upstream slot in these isoforms. Per isoform, rank that isoform's own uORF slots by frac_start and regress the control-normalized response on cap rank, RESIDUALIZING on the slot's baseline attention weight — attention is the alternative explanation and it has already reversed the sign of a Kozak result between terciles here, so residualizing on it is not optional. Separate label-side arm run on the FULL ORFik scan rather than the slots: NMD+ rate vs the number of PTC-bearing upstream ORFs (expect saturation, not linearity), and, holding count fixed, vs the kozak_score of the 5′-most.	(1) The identical within-isoform ranking computed at the frame-matched control positions — it must be unordered with respect to cap rank. (2) The ranking by baseline attention, which is the competing explanation the residualization removes; report both the raw and residualized versions. (3) Population reference: isoforms with ≥2 upstream ORFs in slots of which NONE is PTC-bearing — cap order should carry no response gradient there.	Response rank is fully explained by attention with no residual cap-order term, or it is ordered the wrong way (distal > proximal). Two known biases must be reported alongside the result because either could manufacture a false positive. First, the ORF selection rule: data_prep.select_priority_orfs fills slots 1–4 by descending kozak_score with a mean 6.3 ORFs tied at each isoform's maximum, and pandas' multi-column sort_values is a stable lexsort, so ties should preserve scan order and bias the slots toward cap-proximal ORFs — I am reading that from the code plus pandas internals, not from a measurement, and it must be verified directly before this analysis is trusted. Second, half the true upstream-PTC population is invisible to the slots (12,010 in the full scan vs 5,913 in slots) and the invisible half is the weak half (3.9% vs 12.6% NMD+), so slot-based counts are not full-scan counts and the two arms must never be pooled.	day
R2-training-dynamics-5	R2	training-dynamics	The shield — a clean-stop upstream ORF that captures ribosomes protects a PTC-bearing main ORF	The −3 initiation context of an upstream ORF whose OWN stop has no junction more than 50 nt downstream, in an isoform whose main (reference-AUG) ORF is PTC+.	One experiment, the same bank, operators, propagation and exclusions as H1, stratified into the four cells: PTC+ isoforms (n=6,864) with a clean-stop upstream ORF in a slot; PTC− uORF-PTC (H1's cell, n=5,913); PTC+ with a PTC-bearing upstream ORF; PTC− no trigger (n=15,765). For each cell, perturb the upstream slot and, in the same run, the reference slot, so every isoform supplies its own paired D_i as in H1. Decompose every effect into a SELECTION term (re-score the mixture with attention frozen at baseline) and a VERDICT term (the residual); the mechanism predicts the sign pattern lives in the selection term, and a pattern living in the verdict term is a different and more surprising claim that must be reported as such rather than folded in.	Within each cell, the frame-matched control positions carried through the identical statistic; the claim is precisely that the four CONTROL distributions are indistinguishable from one another while the four TARGET distributions are not. Across cells, matched n by subsampling the large cells down to the smallest, so a sign difference cannot be a power difference. Method floor from the no-op cells. Observed-base stratification, since the upstream slots are Kozak-selected and purine-enriched at −3 in every cell.	The sign is the same in all four cells — that would mean an initiation-context response with no NMD content. Note that the obvious deflationary alternative ('attention just follows Kozak, and the score just follows the attended slot') does NOT survive this design, because it still has to produce the partner-dependent flip, and if it does then it IS the mechanism expressed in the model's terms. The refutation is a uniform sign, or four target distributions that differ no more than the four control distributions do. One standing caution: a confident negative in this area has twice been a confounder rather than the model, so any null must be re-run at matched n against matched controls before it is written down, and reported with its eligibility rates.	day
R2-cross-config-1	R2	cross-config	The stop-to-junction proximity relation is computed from sequence, and its threshold is pinned to the conv2 receptive field, not to 50 nt	An exon-exon junction mark lying within ~42-50 nt 3' of the stop codon, co-occurring with that stop inside one conv2 receptive field. The element is the RELATION 'junction close behind the stop', not the junction and not the stop separately.	Two instrumented training arms, five seeds each, on the standard config. Arm A is the unmodified model. Arm B deletes n_downstream_ejc from ORF_FEATURE_COLS (n_orf_features 5 -> 4; the column is REMOVED, not zeroed -- naive zeroing is dead per brief section 6 because dL/dW = 0 exactly and the branch becomes a learned constant). Channel 4 is untouched in both, per the scoping decision. Checkpoint every 10 optimizer steps, not every epoch: analysis1's run log shows the stored best epochs are 5 and 7, and members run ~14-17 epochs, so with ~26k train isoforms at batch 256 (~102 steps/epoch) there are only ~500-700 steps to peak and epoch granularity would collapse the whole trajectory into 5 points. ~170 snapshots x 453 KB x 5 seeds = ~0.4 GB. Three measurements at every snapshot: (1) score a fixed 4,000-isoform probe set stratified by mechanism_classes.tsv in eval mode and bank the per-isoform logit; (2) junction-shift response curve -- per isoform take slot 0's stop window, clear channel-4 marks in the unclipped downstream half, insert a single mark at d = 1..200 nt from the stop, leaving channels 0-3, 5 and 6-8 untouched (channel 4 is orthogonal to all of them, so no GC recomputation is needed and the operator is composition-exact), record delta log-odds vs d and fit a per-isoform inflection; (3) on the ~5,400 DEMOTED slots (ejc >= 1, no junction beyond 50 nt), record the snapshot at which each isoform's logit crosses from the count-rule prediction to the correct side, and compare against the snapshot at which the count rule itself is established, measured on isoforms where count and the 50 nt rule agree. Harness base: measure_position_bank.py already does per-position perturbation with exact channel-5 recomputation and a per-run no-op floor.	Three, as brief section 7 trap 1 requires. (i) Method noise floor: insert the junction mark at its own observed position through the identical code path; the measured floor for this harness is 9.5e-7 to 1.4e-6 per member at production batch size, and it is reported per run rather than asserted to be zero. (ii) Other positions: the same single-mark insertion in the UPSTREAM half at -d, where no rule exists, and the same insertion into the ATG window; both must be flat or monotone in d and must never show an inflection. (iii) Matched population: DEMOTED slots versus PTC+ slots matched on the exact n_downstream_ejc value, on the slot-0 annotation-flag pair (ref only 49.5% NMD+, ref+TD2 12.0%, TD2 only 27.8%, neither 13.9% -- an unmatched comparison here is dominated by this), and on 3'UTR-length decile.	Any one of: the per-isoform shift curves show no inflection at any snapshot in either arm (monotone or flat in d); DEMOTED isoforms never flip and their residual fails to shrink across training in arm B; or the d-hat_i distribution has no mode and its across-member spread exceeds the 42-vs-50 gap. Each says the >50 nt relation is not computed from sequence and the model's PTC calls are count-based, which is a publishable negative and directly answers the open question in the scoping note. Spuriousness controls: an apparent effect could be 'more mass in channel 4 raises the score' (excluded by the -d insertion, which adds identical mass), or a 3'UTR-length proxy (excluded by the matched population). Note the mid-pool quantizes position to 4 nt, so 42 vs 50 is two pool bins -- resolvable, but only just, and that limit is stated rather than discovered later.	retrain
R2-cross-config-2	R2	cross-config	Termination efficiency at the PTC: TGA blunts decay and TAA sharpens it, and the effect exists only where the stop is premature	The stop tetranucleotide at the supplied stop -- codon identity TAA / TAG / TGA plus the immediately 3' (+4) base. Not where the stop is; whether termination there is efficient.	Primary operator is TAG <-> TGA at the supplied stop. This is a mononucleotide-composition-preserving rearrangement, and it is explicitly NOT the dead dinucleotide-preserving 3-mer shuffle: TAG's dinucleotides are TA,AG and TGA's are TG,GA, so the map is not the identity. Because the base multiset {T,A,G} is unchanged, the 50 nt rolling-GC channel 5 is invariant at every offset except the at-most-two offsets whose 50 nt support contains exactly one of the two swapped positions -- an exact, checkable invariance rather than the approximate GC-matching that every single-base operator has to settle for. Channels 4 and 6-8 are invariant by construction, and the parse is untouched: both sides are valid stops at the same coordinate. Both alternatives are measured from a COMMON baseline by restricting to isoforms whose observed stop is TAA, so TAG and TGA are each counterfactual and neither is the observed base -- this removes the training-frequency asymmetry (TGA is the most common mammalian stop). Secondary operator at +4 is A_vs_T, the only operator in the Analysis 5 table with a near-null control reference (control |mean| 0.00111, |t| median 1.00, 73% same-signed, 8% all-five agreement against a 6.25% chance rate). The training-dynamics core: evaluate the contrast at every snapshot of H1's checkpoint stream, separately in PTC+ slot-0 isoforms and in the matched PTC- population, and record (a) the snapshot at which the PTC+ minus PTC- difference-in-contrast first exceeds its control reference, (b) the across-member spread of that difference at each snapshot, (c) whether members that acquire it are the members with higher late-snapshot AUPRC restricted to PTC+ isoforms.	(i) Noise floor: the stop codon substituted for itself through the identical recomputation path, per run. (ii) Other positions: a frame-matched control bank in the stop window under the same operator class, so the off-manifold contamination of a window-local substitution is present in the reference too. (iii) Matched population: PTC+ versus PTC- slots matched on n_downstream_ejc, annotation-flag pair, 3'UTR-length decile, observed +4 base, and slot-attention tercile -- attention matching is mandatory because the Kozak effect is already known to reverse across terciles (+0.0058 middle, -0.0024 top).	The TAG<->TGA contrast sits inside its control-position distribution at every snapshot; or it is statistically equal in PTC+ and matched PTC- slots, which would make it an unconditional stop-codon preference (a composition or annotation proxy) rather than a termination-efficiency effect; or it appears BEFORE the EJC relation is established, which is incompatible with it being a modifier of a conditional and would relocate it as a confound. A confident null must be checked at matched n against the control distribution before it is believed -- a confident negative in this area has twice been a confounder.	days
R2-cross-config-3	R2	cross-config	uORF initiation efficiency, measured in the part of the start context that the slot-selection rule provably cannot have leaked	The -6..-1 and +5/+6 context of an upstream, PTC-bearing ORF's own AUG in slots 1-4 -- specifically the components orthogonal to kozak_score. kozak_score is only a 3-level integer, (-3 purine) + (+4 G), so A versus G at -3 (purine-matched, identical score) and A_vs_T / G_vs_C at -1, -2, -4, -5, -6 are selection-invariant by construction.	Three training arms, five seeds, sub-epoch checkpoints: (A) standard; (B) is_ref_cds and is_sqanti_cds columns DELETED from the tabular block (n_orf_features 5 -> 3); (C) n_downstream_ejc deleted (shared with H1). Inference-time flag ablation provably cannot answer the override question -- it shrinks control positions 0.66x alongside targets 0.42x, so it measures attention dilution, and it is dead per section 6. Retraining can. At every snapshot in each arm, measure the contrast at the selection-orthogonal positions and at Kozak -3/+4, in the uORF slot's ATG window, over slots 1-4 flagged as upstream PTC-bearing ORFs in isoforms whose reference-AUG stop is clean. Created-motif exclusions applied identically at target and control positions and evaluated per isoform before any contrast is formed; a contrast is formed only when BOTH sides survive, because the exclusion rate is strongly base-asymmetric (at -3: A 0.044, C 0.000, G 0.034, T 0.288) and one-sided guarding would silently convert the purine operator into mean(A,G) - C, whose low side is 100% GC.	(i) Method floor per run. (ii) Control positions spread over +/-60 of the uORF AUG at the SAME frame offset -- frame matching is mandatory because the created-motif exclusion rate is 23.6% at one codon offset and 8.7% at another; the same trajectory computed at control positions is the null for any global scale drift over training. (iii) Matched population: uORF slots stratified on kozak_score, which holds the selection rule exactly fixed since the rule sees only those two bits; on slot-attention tercile; and on whether the uORF terminates in the 5'UTR (n = 5,287) or reads into the CDS as an oORF (n = 626).	The contrast at selection-orthogonal positions never exceeds its control reference in any arm at any snapshot; or it exceeds it identically in the standard and flags-removed arms, which leaves no override and therefore no crowding-out story; or the trajectory rises and falls while control positions show the same shape, making it a global scale artifact. A null must be demonstrated at matched n against a control distribution before it is reported -- one earlier null in this area came from ~40 isoforms and was purely underpowered.	retrain
R2-cross-config-4	R2	cross-config	The reinitiation relation: an AUG a short distance 3' of an upstream ORF's stop, and its frame -- a relation the tabular branch is architecturally incapable of expressing	The distance from an upstream ORF's stop codon to the next downstream AUG, together with that AUG's reading frame relative to the upstream ORF. In one phrase: is there a re-start close behind this stop, and is it in a different frame.	All work is in the uORF slot's stop window, whose downstream half is unclipped to the transcript end (500 nt visible at W=1000, 1000 nt at W=2000; 5'UTR intercistronic distances are typically well inside that). (a) Destroy the nearest downstream AUG by a mononucleotide-preserving permutation, ATG -> AGT or GTA, never TAG/TGA which are stops, so channel 5 is invariant by the same construction as H2. (b) Insert an AUG at controlled distance d in {10,20,...,400} via a composition-preserving 3-mer swap, in each of the three frames relative to the uORF, and record the per-isoform delta log-odds surface over (d, frame). (c) Do both at every snapshot of H1's checkpoint stream, so the emergence step of any distance or frame structure is observed rather than only its endpoint. (d) Categorical arm: the same measurements contrasted between 5'UTR-terminating uORFs and oORFs.	(i) Permutation control: the same 3-mer replaced by a different composition-matched non-AUG permutation at the same coordinate, which isolates AUG identity from A/G content. (ii) Frame control: the identical insertion in the two non-triggering frames, which is the internal reference for 'any AUG anywhere raises the score'. (iii) Matched population: uORF (n = 5,287, NMD+ 12.6%) versus oORF (n = 626, NMD+ 12.8%) -- base rates equal to 0.2 pp, an unusually clean match that removes base rate as an explanation for any difference the model shows. (iv) Position control: the same insertions in slot 0's stop window, where no reinitiation question arises.	Delta log-odds flat in d and identical across the three frames at every snapshot -- the model reads no reinitiation relation, and since the tabular branch provably cannot express it either, the relation is simply absent from the decision. Equally refuting: an effect identical for AUG and for its composition-matched permutations, which makes it an A/G-content effect. Honest prior: the equality of NMD+ rate between the uORF and oORF classes already argues that the CATEGORICAL version of this hypothesis is null in this population, so the continuous distance-and-frame version is where the room to be positive is, and the categorical arm is best read as a pre-registered expected null that validates the readout.	days
R2-cross-config-5	R2	cross-config	Where the 50 nt threshold actually sits in these data, read off training difficulty rather than off a perturbation	The distance from the stop codon to the nearest downstream exon-exon junction, and the threshold value of that distance at which the trigger switches on. The 50 nt figure is a consensus from reporter assays, not a measurement in this system.	From the instrumented rerun (H1's standard arm, five seeds, ~170 sub-epoch snapshots), restricted to probe-set isoforms whose slot 0 has n_downstream_ejc >= 1, compute per isoform: (a) epoch-of-mastery -- the first snapshot after which the predicted probability stays on the correct side of the pos_weight-adjusted threshold for every remaining snapshot (the persistence requirement is what keeps this from being noise); (b) trajectory instability -- the number of sign crossings across snapshots; (c) across-member discordance at the final snapshot. Bin by the stop-to-nearest-downstream-junction distance, read from channel 4 of the stop window with the beyond-window rescue that build_mechanism_classes.py already implements (a junction beyond the window is necessarily beyond 50 nt, so the binning stays window-width independent). Locate the mode of residualized difficulty; repeat per member for five independent estimates of d-hat*. Architecture discriminator: repeat on an arm with conv2 widened to k=13 (receptive field 66 nt) and on an arm with the mid-pool removed (position quantized finer than 4 nt). If d-hat* moves with the receptive field it is architecture; if it stays put it is the data, and the number is a biological claim about this system.	(i) The same curve on isoforms where the count rule and the >50 nt rule agree -- these must show no interior mode. (ii) A randomly-initialized snapshot as the floor for across-member discordance. (iii) Matched population: bins matched on the exact n_downstream_ejc value, on the annotation-flag pair, and on 3'UTR-length decile, so distance is the only thing varying. Non-circularity argument, which is the reason this readout is admissible at all: the labels are mashr differential-expression calls across four cell types and are not defined by any distance rule, so a difficulty peak located at d* is a statement about biology and about the model, not a restatement of how the label was constructed. Contrast this with the shape expected if the model uses only the count: difficulty would be high and FLAT across all small d for count-positive, truly-negative isoforms, with no interior mode.	Residualized difficulty is flat or monotone in distance with no interior mode -- the model has no learned distance threshold and works from the count alone. Or d-hat* varies across the five members by more than the 42-vs-50 gap, in which case the instrument cannot resolve the question at this n and the honest report is 'unresolvable', not a number. Note the mid-pool quantizes position to 4 nt, so 42 and 50 are two pool bins apart; that is the resolution ceiling and it is stated up front.	days
R2-internals-1	R2	internals	The >50 nt stop-to-junction relation is computable from channel 4, and the model's learned threshold can be located by count-conserving junction relocation	An exon-exon junction lying more than ~50 nt 3' of the termination codon — the EJC-deposition relation itself. Not the junction positions (supplied), not the stop (supplied), but the DISTANCE between them, which no input carries.	Three parts, all local, no retraining. (a) NATIVE CONTRAST, no perturbation: at slot 0, compare log-odds for the demoted set (n_downstream_ejc>=1, no junction >50 nt) against isoforms with the SAME n_downstream_ejc value and same mechanism class that do have a junction beyond 50 nt. Matching on the count is what makes this a test of the relation and not of the count. build_mechanism_classes.py already computes beyond50 and beyond_window from the HDF5 channel 4 — reuse it, do not rewrite it. (b) CAUSAL PROBE — junction relocation: in the stop window only, move one channel-4 mark from distance d to d'. Channels 0-3 and 5-8 are bitwise unchanged, the transcript sequence is unchanged, and every tabular feature including n_downstream_ejc is unchanged, so the COUNT is exactly conserved and only the RELATION moves. Restrict to slots with exactly one downstream junction inside the window so 'move' is unambiguous. Sweep d' in 4 nt steps (the mid-pool quantum) from 4 to 200 nt. (c) CROSS-CONFIGURATION REPLICATION: run the identical curve on all five members of both configurations. The canonical-rule account predicts the step location is width-invariant; the dilution account predicts the amplitude shrinks at 2000 while the location holds; a location that moves with the window edge is neither and kills the reading.	Three, plus one new. (1) Method noise floor: relocations that do not cross the candidate threshold (e.g. 100 -> 200 nt) must give ~0. (2) Other positions: the same relocation performed in the ATG window, which is clipped at the ORF midpoint and therefore cannot carry the stop relation — same operator, same magnitude of input change, no possible signal. This is the control that the dead 'inference-time flag ablation' lacked, and it is why this probe is not that probe: the flag ablation shrank controls 0.66x alongside targets 0.42x because it re-weighted attention globally; a count-conserving single-mark move inside one window cannot, and slot-0 attention weight is asserted unchanged within tolerance as a precondition. (3) Matched population: same n_downstream_ejc, same mechanism class, same 3'UTR length decile. (4) NEW — aperture: the step location must be invariant across stop widths.	A flat Delta-vs-d' curve; or a curve indistinguishable from the ATG-window control; or a step location that differs between atg1000_stop1000 and atg2000_stop2000 by more than the 4 nt pooling quantum; or a native contrast (part a) that vanishes once n_downstream_ejc is matched — which would say the model reads the count and never the distance, and that the 43% is entirely tabular.	day
R2-internals-2	R2	internals	Aperture titration: read the existing stop-width ladder {50,250,500,1000} nt as a titration of the 50 nt rule, and cross training aperture against inference aperture	The downstream radius over which the stop-to-junction relation is actually computed. Same relation as H1; here the measured quantity is its spatial extent, and the instrument is the window edge.	Stage 1, hours, needs nothing new: TRAIN-APERTURE x INFERENCE-APERTURE crossing. Take the 10 existing checkpoints (2 trained widths x 5 seeds) and evaluate each at all four stored widths — 8 cells, forward passes only. The diagonal must reproduce the published AUC/AUPRC (that is the correctness check). The off-diagonal separates what the model LEARNED to use from what it CAN see. Primary readout is per-isoform log-odds change and test AUPRC, NOT Shapley share — because branch-Shapley share as a success criterion is dead when redundancy can be manufactured, and changing aperture can manufacture redundancy with the tabular count exactly as modality dropout did. Stage 2, if stage 1 shows structure: recover the other 50 sweep checkpoints from Explorer (atg{100,500,1000} x stop{100,500,1000,2000} x 5 seeds were all submitted; only 10 are local) and run the exact 8-coalition branch decomposition on the stop{100,500} cells to test the inverted-U. Stage 3, only if the step is bracketed too coarsely: intermediate apertures can be synthesized WITHOUT rebuilding the HDF5 by slicing the w2000 stop arrays and recomputing channel 5 with compute_rolling_gc on the sliced support (data_prep.py:87-107, 203-205) — because channel 5 is defined as window-local, the slice reproduces the real array exactly.	The APERTURE-NULL STRATUM defined in H3 — isoforms whose windows gain only zero padding when the width increases. For them the inference-width change adds literally no information, so their Delta is the pure geometry term (padding fraction, BN running statistics estimated at the training width, more positions competing in the global max). Subtract it from every other stratum; the residual is content. Second reference: the diagonal cells, which must reproduce the published numbers or the harness is wrong. Third: the atg branch under the same crossing, which should respond differently if the effect is 3'-specific.	A monotone decline in stop-branch share from stop100 through stop2000 with no peak, TOGETHER WITH no AUPRC loss when a wide-trained model is evaluated narrow. That combination says the aperture effect is geometry, the sequence branch never computed the relation, and — importantly — no cross-configuration difference anywhere in this project may be read as content, which retroactively bounds Track A handoff sections 2, 3 and 5. Equally refuting in the other direction: a large AUPRC loss at narrow inference that is identical in the aperture-null stratum, which would mean the loss is distribution shift in BatchNorm and not information.	days
R2-internals-3	R2	internals	Distal 3'UTR content is not an NMD determinant here: an on-manifold truncation ladder bounds the informative radius 3' of the stop	3'UTR length and distal 3'UTR sequence composition as an EJC-independent NMD trigger (long-3'UTR NMD). The measured quantity is the informative radius: how far 3' of the stop codon NMD-relevant sequence extends.	(a) TRUNCATION LADDER. Zero the stop window beyond distance p downstream, recompute channel 5 exactly as data_prep does, sweep p in {50,100,200,300,500,750,1000}. Per-isoform Delta log-odds versus p is the informative radius, read directly. Restrict the headline population to n_downstream_ejc = 0 slots, where the EJC mechanism cannot operate and long-3'UTR NMD is the only candidate. (b) CROSS-CONFIGURATION REPLICATION over the overlap: run the same ladder on both configurations' members. Over 0-500 nt both apertures cover identical sequence, so the two curves must agree within member spread — if they do not, neither curve is measuring the transcript and the whole readout is void. (c) APERTURE-NULL STRATUM. Define the stratum as 5'UTR <= 500 AND (tx_length - orf_end) <= 500 AND orf_length <= 1000, from selected_orfs.tsv columns orf_start/orf_end/orf_length/tx_length. For these isoforms the wide windows contain the identical non-zero content as the narrow ones. Compute the paired per-isoform branch-share difference between configurations within this stratum and within each revealed-content stratum, matched on label, slot-0 n_downstream_ejc, and mechanism class (mechanism_classes.tsv already carries the class per isoform).	(1) The aperture-null stratum itself, which is the point: real isoforms, matched on everything except revealed content, differing only in how many zeros the encoder is handed. (2) A LENGTH-MATCHED SHAM: truncate the same number of positions from the UPSTREAM (CDS-side) end of the stop window, which is already midpoint-clipped and largely padding for short ORFs. Any Delta common to both is length competing in the global max, not 3' content. (3) Composition matching across strata on label, slot-0 n_downstream_ejc and mechanism class, because 3'UTR > 500 isoforms are not a random sample.	A truncation ladder that stays flat beyond p = 50 in the last-exon-stop population while the aperture-null stratum reproduces the full 9.93 pp structural shift. That is a publishable negative with two parts: distal 3'UTR sequence carries no usable NMD signal in this dataset, and the configuration dependence recorded in Track A sections 2 and 3 is an artifact of window geometry rather than biology. The opposite outcome — a ladder that keeps declining out to 750-1000 nt, concentrated in long-3'UTR isoforms and absent in the aperture-null stratum — supports EJC-independent long-3'UTR NMD as a second, sequence-readable mechanism.	day
R2-internals-4	R2	internals	Termination context: stop-codon identity and the +4 base set how efficiently a supplied stop terminates — and aperture invariance is the reference that certifies a local element	The termination tetranucleotide — the stop codon (UAA/UAG/UGA) plus the base immediately 3' of it, at stop-window indices W/2-1, W/2, W/2+1 and W/2+2. Secondarily the -1 codon.	(a) +4 SUBSTITUTION with a GC-matched operator: C<->G at index W/2+2, and separately A<->T. GC-matched operators are the only ones with a reference approaching null here — under a G-vs-not-G operator control positions are 100% same-signed with |t| median 5.79, which is confident structure at every position. Exclude any substitution that creates an in-frame stop in the next codon or creates/destroys a canonical polyadenylation hexamer within reach. (b) STOP IDENTITY BY MATCHED POPULATION, not substitution, because UAA<->UGA cannot be GC-matched: compare native-UGA against native-UAA slots matched on n_downstream_ejc, distance to the nearest downstream junction, 3'UTR length, local GC over +/-50 nt, and mechanism class. selected_orfs.tsv carries stop_codon per slot. (c) APERTURE INVARIANCE as the validity filter — this is the lens applied: repeat (a) at stop500, stop1000 and stop2000 under the H2 inference-width crossing. A genuine local element must give the same per-isoform Delta within member spread at every width. An element claimed to be local whose measured behavior changes when a window edge 500 nt away moves is an artifact of pooling or normalization, and no amount of sign consistency rescues it.	Four. (1) Method noise floor at production batch size, ~7e-7. (2) Other positions: the identical GC-matched operator at FRAME-MATCHED control positions +7, +10, +13 ... +40 in the same window — frame-matched because the created-motif exclusion rate is 23.6% at one codon offset and 8.7% at another. (3) Matched population: native-UAA controls matched on junction geometry, 3'UTR length and local GC. (4) NEW, and the contribution of this lens: APERTURE-APPROPRIATE RESPONSE. The project currently has three references (noise floor, other positions, matched population) and all three have silently failed at least once. Window width adds a fourth that is two-sided and nearly free — local elements must be invariant to it, distal relations (H1, H2, H3) must respond to it, and an element whose aperture behavior contradicts its claimed span is excluded regardless of how well it passes the other three.	No per-isoform sign consistency at +4 above the frame-matched controls at matched n; or a consistent sign that flips or vanishes between stop widths, which excludes the element rather than confirming it; or UGA indistinguishable from UAA once junction geometry, 3'UTR length and local GC are matched. Note the standing warning: a confident negative in this area has twice been a confounder rather than the model, so a null must be shown to be adequately powered at matched n before it is stated.	hours
R2-internals-5	R2	internals	Within the uORF-PTC class, initiation efficiency rather than uORF architecture decides whether the parse triggers decay	The Kozak context of an upstream ORF's own start codon (-3 purine, and the -6..-1 hexamer), as a determinant of whether that uORF captures the scanning ribosome and is therefore actually translated.	(a) DATA CHECK FIRST, and it gates everything else. Within the 5,913, is the uORF slot's own kozak_m3/kozak_p4/kozak_score (selected_orfs.tsv columns 11-13) associated with the isoform label, at matched uORF n_downstream_ejc, matched uORF length, matched distance from the uORF stop to the main AUG, and matched mechanism class? If the association is absent in the data, the model cannot be asked to have learned it and the model probe is not run. (b) MODEL PROBE at slots 1-4, which is where the hypothesis lives and where nobody has looked. The existing Kozak measurements are all at slot 0 — which is the annotation-selected CDS and has the WEAKEST Kozak context of all five slots (1.230 against 1.665-1.879), because the ranking rule fills slot 0 by annotation and slots 1-4 by descending Kozak. Substitute the uORF slot's own -3 with the GC-matched purine/pyrimidine operator (A vs T). Prediction: strengthening a uORF's initiation context RAISES predicted NMD susceptibility, and does so more for slots whose own stop is EJC-triggering than for slots whose stop is not — the slot-0 version of this contrast is already measured at +0.0087 versus -0.0001. (c) APERTURE DISCRIMINATOR, the lens applied to the one branch whose share went UP with width. Initiation context is local to the uAUG and must be aperture-invariant. uORF architecture — where the uORF stop sits relative to the main AUG — needs hundreds of nt of context and must be aperture-dependent, appearing only where widening reveals real sequence. Stratify by 5'UTR length: isoforms with 5'UTR <= 500 nt gain only zero padding in the ATG window when the width goes 1000 -> 2000, so nothing architectural is revealed for them. If the start branch's rise (9.81% -> 11.63%) is concentrated in the 5'UTR > 500 group it is 5' content; if it is equal in both groups it is geometry and the start branch learned nothing from the extra aperture.	(1) Frame-matched control positions in the same uORF ATG window under the identical A-vs-T operator. (2) Stratification by selection_reason (selected_orfs.tsv column 19), because slots 1-4 are Kozak-SELECTED — their -3 is purine 93.1% of the time — so the substitution population is unbalanced and rank 0 mixes three populations with purine-at--3 rates of 79.6% / 61.9% / 93.1%. Report within stratum. (3) The 5'UTR<=500 stratum as the internal null for the aperture contrast: real isoforms for whom the wider ATG window is literally zeros.	No per-isoform Kozak sensitivity at slots 1-4 beyond frame-matched controls at matched n; or a sensitivity equal for triggering and non-triggering uORF slots; or, at step (a), no association between uORF Kozak and label once uORF geometry is matched. Any of these kills the initiation-efficiency account and leaves the identical oORF/uORF rates unexplained, which is itself worth reporting because it is a measured fact that contradicts the standard mechanistic ordering.	day
R2-external-validation-1	R2	external-validation	The EJC rescue zone: stop-to-junction DISTANCE is a step function the model may or may not compute from channel 4	The relation "distance from the terminating stop codon to the nearest downstream exon-exon junction mark in channel 4 of the stop window" — the >50 nt rule as a positional relation, as distinct from the junction COUNT that is handed over in n_downstream_ejc.	Junction-repositioning in silico mutagenesis, touching channel 4 ONLY. Restrict to isoforms where n_downstream_ejc == 1 and exactly one downstream junction mark is visible in the stop window (this population is directly selectable with the chunked channel-4 extraction already written and verified in analysis_plans/build_mechanism_classes.py lines 111-123). Move that single mark to each distance d in 1..250 nt from the last base of the stop, holding the entire tabular block — including n_downstream_ejc — bit-identical, so the model is told throughout that one junction exists downstream and only the position changes. Score all 5 members (seeds 100-500) at both atg1000_stop1000 and atg2000_stop2000. Fit a per-isoform monotone logistic to delta-log-odds vs d and record the inflection d*. ARCHITECTURE-VS-DATA DISCRIMINATOR, which is the part that decides the sub-hypothesis: repeat on two retrains that move conv2's receptive field (k2 7->15 gives RF 74; mid_pool 4->2 gives RF ~24). If d* tracks RF it is architecture; if d* stays near 50 across all three it is data. EXTERNAL CORROBORATION, which is what lifts this from "the model uses it" to "the cell uses it": overlay the model's dose-response on the per-PTC NMD-escape probability vs distance-to-last-junction curve published from allele-specific expression across thousands of human tumor PTCs (Lindeboom et al., Nat Genet 2016; NMDetective, Nat Genet 2019) — an independent, human, non-reporter measurement of the same curve, and a resource that substitutes entirely for new bench work. Nagy & Maquat 1998 supplies the original 50-55 nt reporter boundary. Additionally join the specific junctions being moved to measured EJC occupancy from eIF4A3 iCLIP/RIPiT-seq (Sauliere et al. 2012; Singh et al. 2012; Hauer et al. 2016), since a junction with no EJC should not participate.	Three internal, plus one external. (i) NOISE FLOOR / METHOD REFERENCE: the identical single-mark move performed UPSTREAM of the stop inside the ORF body at matched |d|, where the EJC rule predicts a flat response and the perturbation is exactly as off-manifold — this is the method's own null under the identical operator. (ii) OTHER POSITIONS: the same move in the ATG window at matched distances from the AUG. (iii) MATCHED POPULATION: isoforms in the PTC- no trigger class (n=15,765, 2.2% NMD+), where the same manipulation should give a markedly shallower step. Composition is untouched by construction — channels 0-3 and 5 are bit-identical across the whole sweep — so trap 2 (composition dominates identity) cannot operate at all. This is the only genuinely composition-free operator available in this model, and that is the main reason to run it first. External matching: the Lindeboom curve is matched on the same axis (distance to the last junction) and on the same event class (PTC-bearing human transcripts), and differs in readout (allele-specific expression) and population (tumors), which is what makes agreement informative.	A flat or non-monotone target-arm dose-response indistinguishable in shape from the upstream-arm reference; or d* distributed with no mode; or d* moving 1:1 with the receptive field across the three architectures. Any of those states that the model reads the supplied count and never computes the relation — which is a publishable negative and directly answers the open question Pete names as unmeasured. Failure of the external overlay (Spearman ~0 between the model's dose-response and Lindeboom's escape-probability curve) refutes the biological reading even if the model's own step is clean.	day
R2-external-validation-2	R2	external-validation	uORF Kozak strength as initiation efficiency, with a pre-registered sign flip between mechanism classes	The Kozak context (-3 purine, +4 G) of an UPSTREAM ORF's AUG — not the main ORF's — in the population where the reference-AUG main ORF has a clean stop and an upstream ORF is itself a PTC (the PTC- uORF-PTC class, n=5,913 in slots, 12.6% NMD+).	Reuse the existing position-bank harness (analysis_plans/measure_position_bank.py) with --slot pointed at the most-upstream qualifying PTC-bearing ORF slot rather than slot 0. That slot index is recomputable from the stored mechanism classes (results_interp_all/mechanism_classes.npz already carries cls, uorf_kind, has_ref and the ref slot). Operators: A_vs_T at -3 (the GC-matched form of the purine contrast, and the only operator whose control reference behaved like a null: control |t| median 1.00, 8% all-member sign agreement against a 6.25% chance rate) and G_vs_C at +4 (the GC-matched form of the G contrast, and the operator under which the one clean +4 cell appeared). Same created-motif exclusions, same channel-5 recomputation, same 37 frame-matched control positions, now computed inside the uORF slot's own start window. Stratify by uORF vs oORF, by slot attention tercile, and by whether the full ORFik scan agrees the upstream PTC ORF exists. EXTERNAL CORROBORATION, the step that answers trap 8 directly: partition the model's uORF slots into ribosome-profiling-supported vs not, using the GENCODE/Ribo-seq ORF phase 1 consensus set (Mudge et al., Nat Biotech 2022; ~7,264 curated translated ORFs including uORFs and oORFs, multi-dataset supported), with Chothani et al. Mol Cell 2022 and RibORF (Ji et al., eLife 2015) as replication catalogs, and initiation-site profiling (QTI-seq, Gao et al. Nat Methods 2015; GTI-seq, Lee et al. PNAS 2012) as the sharper "is this AUG initiated" readout. Prediction: the model's per-isoform Kozak sensitivity is higher for Ribo-seq-supported uORFs. Second external axis with no bench cost: correlate per-isoform Kozak sensitivity against measured mean-ribosome-load for the surrounding 50-mer from the Optimus 5-Prime MPRA (Sample et al., Nat Biotech 2019; 280k random 5'UTRs, polysome readout), which supplies an independent quantitative initiation-strength scale. MINIMAL BENCH if external data is equivocal: adenine base editing of the +4 of a native uORF from A to G (ABE makes exactly this edit, and it strengthens the Kozak) at one endogenous locus, readout = allele-resolved host-transcript abundance +/- SMG1 inhibitor, plus a uORF-luciferase to confirm the initiation change. One locus, two guides, two conditions. A -3 purine-to-pyrimidine edit is NOT accessible to base editors and would require prime editing — stated so the experiment is not proposed as easier than it is.	(i) The 37 frame-matched control positions within the same window under the identical operator and identical exclusions — frame matching is load-bearing, since the created-motif exclusion rate is 23.6% at the targets' codon offset and 8.7% at another. (ii) MATCHED SLOTS: non-uORF slots in the same isoform at matched attention weight, so the contrast is not confounded by how much of the prediction a slot's perturbation can reach (measured slot-0 attention terciles are 0.343 / 0.709 / 0.910, and the sign of the existing Kozak result reverses across them). (iii) MATCHED POPULATION: isoforms in PTC- no trigger that carry a Kozak-selected upstream ORF in a slot whose stop is NOT a PTC — same slot type, same selection route, no NMD-relevant stop, so the effect must vanish there. (iv) EXTERNAL MATCHING: Ribo-seq-negative uORFs matched to Ribo-seq-positive ones on uORF length, 5' position, Kozak tier and host-transcript expression, since Ribo-seq detection is expression-dependent and an unmatched split would recover expression, not translation.	Per-isoform percentiles centered at 0.5 in the uORF class; or no excess of the uORF-slot sensitivity over the slot-0 sensitivity; or no sign flip between PTC- uORF-PTC and PTC+ under the identical operator; or the effect present equally in the matched no-trigger population. On the oORF arm specifically, this is set up to fail honestly: the marginal NMD+ rates are 12.6% (uORF, n=5,287) and 12.8% (oORF, n=626), i.e. indistinguishable, so a large oORF/uORF difference in Kozak sensitivity would be conditional structure the marginal does not show and must clear a high bar before being believed at n=626. Externally, no difference in sensitivity between Ribo-seq-supported and unsupported uORFs refutes the "the cell uses it" reading even if the model's internal contrast is clean.	hours
R2-external-validation-3	R2	external-validation	The stop tetranucleotide: termination efficiency at a fixed parse	The 4-nt termination signal read in the stop window — the stop codon's variable bases (TAA / TAG / TGA at window indices W/2-1, W/2, W/2+1) together with the +4 base immediately 3' of it (index W/2+2), i.e. the stop tetranucleotide whose readthrough efficiency is measured biochemistry.	Two operators, neither of which alters the parse. (a) +4 CONTEXT: substitute at the single base immediately 3' of the stop, operators A_vs_T and G_vs_C, using the existing bank machinery re-pointed at the stop window. The three stop bases are never touched, so the ORF, the stop and every structural feature are preserved by construction. (b) STOP IDENTITY: single-base swaps that keep the codon a stop — TAA<->TAG (position 3, A<->G) and TAA<->TGA (position 2, A<->G). These are unavoidably GC-changing, so the operator is A_vs_G and the matched reference is A_vs_G applied at the 37 frame-matched control positions, which carries the identical composition delta; the target is reported as a percentile within that control distribution rather than as an absolute effect. (c) MECHANISM STRATIFICATION, which is the built-in control no artifact can imitate: stratify by whether the perturbed slot's stop has a junction >50 nt downstream (the ptc array is already computed and stored in mechanism_classes.npz). A readthrough or termination-kinetics effect must exist in the PTC+ stratum and be absent in the PTC- stratum. Assemble the full 12-cell table (3 stops x 4 +4 bases) of mean per-isoform percentiles. EXTERNAL CORROBORATION: Spearman-correlate that 12-cell table against the measured dual-luciferase readthrough efficiencies for all stop tetranucleotide contexts (Loughran et al., NAR 2014; Cridge et al., NAR 2018) — this is a directly matched 12-cell external table and requires no new bench work at all. Second, genome-wide and endogenous: ribosome profiling of readthrough with G418 (Wangen & Green, eLife 2020) gives per-transcript 3'UTR ribosome density, so the model's per-isoform effect can be joined to a measured readthrough rate for the same genes; standard Ribo-seq 3'UTR/CDS ratio is a weaker but universally available proxy. MINIMAL BENCH: a PTC reporter with a fixed TGA and +4 varied A/C/G/T, read out as (i) dual-luciferase readthrough and (ii) mRNA level +/- SMG1 inhibitor — 4 constructs, 2 conditions. Loughran's series already covers (i) entirely; only (ii) is new.	(i) 37 frame-matched control positions in the same stop window under the identical operator, identical created-motif exclusions, identical channel-5 recomputation — the exclusion set gains one rule (any substitution creating a new in-frame stop is dropped), and the three stop bases are never substituted, so the parse is invariant by construction rather than by filtering. (ii) The PTC- stop stratum as a mechanism-matched null: same operator, same positions, same population selection route, no downstream EJC to displace. (iii) Conditioning on the observed base and on local GC, since the +4 base composition is not uniform across isoforms. (iv) EXTERNAL MATCHING: Loughran's table is matched cell-for-cell on the same 12 tetranucleotides, measured in a reporter with an otherwise fixed context, so the only thing varying between the two tables is the readout (readthrough vs modeled NMD susceptibility).	+4 percentile distribution centered at 0.5 under both GC-matched operators; or an effect of equal size in the PTC+ and PTC- strata, which would say the model is reading a generic post-stop base preference rather than termination biology; or Spearman ~0 between the model's 12-cell table and the published readthrough table. A clean effect with an unresolvable sign (some strata readthrough-like, others kinetics-like) is reported as such and is not forced into one model.	hours
R2-external-validation-4	R2	external-validation	Not all junctions are equal: the EJC deposition footprint as a modulator of a supplied junction	The ~20-24 nt exonic sequence immediately 5' of a downstream exon-exon junction — the EJC deposition footprint — and its motif content, as distinct from the junction position itself.	MONONUCLEOTIDE-PRESERVING SHUFFLE of the 24 nt immediately 5' of the single downstream junction inside the stop window, 200 shuffles per isoform. This preserves base composition EXACTLY, so channel 5 changes only in local ordering and trap 2 is neutralized by construction rather than by control; channels 4 and 6-8 are untouched so the junction position, the parse and the frame are invariant. This is explicitly NOT the dead perturbation from section 6 — that result is specific to dinucleotide-preserving shuffles of 3-mers, where 100% of 64 trimers have exactly one valid arrangement; a 24-mer under mononucleotide preservation has a combinatorially large shuffle space. Statistic per isoform: the observed sequence's log-odds against its own 200-shuffle null, as a z. Then the external split, which is the whole point: partition the junctions by measured EJC occupancy from published eIF4A3 iCLIP and RIPiT-seq (Sauliere et al., NSMB 2012; Singh et al., Cell 2012; Hauer et al., Cell Rep 2016) and ask whether the model's footprint sensitivity is larger at occupied junctions. MINIMAL BENCH if the external split is ambiguous: an intron-containing PTC reporter in which the 24 nt upstream of the intron is swapped between a high-occupancy and a low-occupancy native footprint, read out as mRNA level +/- SMG1 inhibitor plus eIF4A3 RIP-qPCR to confirm the occupancy difference — 4 constructs. Note honestly that ribosome profiling is the wrong instrument here; this hypothesis's validation is CLIP-based, and that is a weakness relative to the other four.	(i) SHUFFLES OF A NON-FOOTPRINT 24-MER in the same isoform at a matched distance from the stop (e.g. 100 nt further downstream, no junction within 50 nt) — identical operator, identical composition preservation, no EJC meaning. (ii) The same footprint shuffle in isoforms where that junction is UPSTREAM of the stop, where the EJC rule predicts no contribution. (iii) EXTERNAL MATCHING: iCLIP-occupied vs unoccupied junctions matched on upstream exon length, footprint GC, distance to the stop, junction ordinal within the transcript, and host-gene expression — CLIP detection is expression- and length-biased, and an unmatched split would recover those instead of occupancy.	Footprint z centered at 0; or footprint shuffles statistically indistinguishable from non-footprint shuffles at matched distance; or no difference in sensitivity between iCLIP-occupied and unoccupied junctions after matching. Given 32 conv channels bound the number of distinct features the encoder can hold, and the junction position is already supplied as a clean binary channel, a null here is a plausible and informative outcome: it would say the model treats junctions as interchangeable marks, which is itself worth stating against the known non-uniformity of EJC deposition.	days
R2-external-validation-5	R2	external-validation	Reinitiation denied: an AUG too close downstream of a uORF stop	The intercistronic relation "distance from an upstream ORF's stop codon to the next downstream AUG" — specifically a downstream AUG within roughly 40 nt of the uORF stop, read inside that uORF slot's own stop window.	AUG-creation dose-response inside the uORF slot's stop window. For isoforms in the PTC- uORF-PTC class, substitute an ATG at distances d in {6, 12, 18, 24, 30, 40, 60, 90, 150, 240} nt downstream of the uORF stop, one distance at a time, restricted to positions whose native trimer is neither an AUG nor a stop. THE CREATED MOTIF IS IDENTICAL AT EVERY DISTANCE, so any distance-dependence is self-controlled and cannot be a created-motif artifact — which turns section 7's created-motif trap from a confound into a constant. Run a mirrored arm with a composition-matched non-AUG, non-stop trimer (AGT / GAT / GTA) at the identical positions, giving an exact GC match and therefore an identical channel-5 recomputation. Score 5 members, both widths. EXTERNAL CORROBORATION with no bench cost: the Optimus 5-Prime library (Sample et al., Nat Biotech 2019) is 280k random 50-nt 5'UTRs with measured mean ribosome load, and it contains uAUG/stop arrangements at every intercistronic distance, so the distance-to-reinitiation curve can be extracted from published measurements directly and overlaid on the model's; Kozak 1987 supplies the original reporter statement that reinitiation rises with intercistronic length. Whether the downstream AUGs in question are actually initiated is checkable against initiation-site profiling (QTI-seq, Gao et al. Nat Methods 2015) and the GENCODE Ribo-seq ORF phase 1 set. MINIMAL BENCH: a 5'UTR reporter with a fixed uORF and spacers of 10/25/40/70/120 nt to the main AUG, read out as luciferase (reinitiation) and mRNA level +/- SMG1 inhibitor — 5 constructs, 2 conditions.	(i) COMPOSITION-MATCHED TRIMER at identical positions — exact GC match, identical channel-5 recomputation, identical off-manifold status, so it isolates AUG identity from "any 3-base perturbation at this distance". (ii) The distance sweep itself, since the created motif is constant across distances. (iii) MATCHED POPULATION: the same AUG insertion in PTC- no trigger isoforms with no upstream ORF, where reinitiation is not at issue. (iv) EXTERNAL MATCHING: Optimus 5-Prime constructs matched on uORF length and Kozak tier, so intercistronic distance is the varying quantity in both the model sweep and the MPRA slice.	No distance dependence for AUG insertion; or an identical distance profile for the composition-matched trimer, which would say the model responds to any perturbation at that offset; or an inflection that tracks the receptive field across the retrained architectures used in hypothesis 1, which would make it geometry rather than reinitiation. The external arm refutes independently: if the published MPRA shows no intercistronic-distance effect on ribosome load in matched constructs, the biological reading fails even with a clean model result.	day
R2-conditional-content-1	R2	conditional-content	Termination context: the nucleotide 3' of the supplied stop sets readthrough, and readthrough is NMD escape	The stop tetranucleotide — the supplied stop codon plus position +4, the first nucleotide of the 3'UTR, at stop-window array index W/2+2; secondarily +5 and +6 (W/2+3, W/2+4). All three sit inside the same conv1 kernel (k=15) as the stop codon itself, so one filter can read the tetranucleotide as a unit.	Point the existing position-bank harness at the stop branch: measure_position_bank.py currently perturbs s["atg_windows"][SLOT]; the stop-window analogue changes the window key and the target list and nothing else, because pos_to_index already puts codon position +4 at W/2+2 under the same codon convention. Targets +4, +5, +6; controls every frame-offset-matched position in +7..+61 and -5..-59 (offset matching is mandatory — created-motif exclusion rates measured 23.6% vs 8.7% across codon offsets). Substitute all four bases at every position, recompute channel 5 over the window's filled extent through the identical path, and derive contrasts afterwards so operators can never differ in anything but the operator. Primary operator A_vs_T — the only one measured here with a near-null control reference (control |mean| 0.00111, |t| median 1.00, all-5-member agreement 8% against a 6.25% chance rate); G_vs_C secondary and read only against its own control distribution, which is measured to be far from null (|t| median 4.30, 81% same-signed). n~1,500 per mechanism stratum. Carry over the Analysis-5 anchor-shift control: rerun the identical bank with the anchor displaced +37 nt, which preserves geometry, padding and operator while destroying the anchor's meaning.	Three, per the project's own rule that importance is a contrast. (1) Method floor: the no-op substitution — putting the observed base back through the identical GC-recomputation path — measured at 9.5e-7 to 1.4e-6 in the existing bank, three orders below any interpretable effect. (2) Other positions: 30+ frame-offset-matched control positions in the same window, same operator, same created-motif exclusions, same eligibility test. (3) Matched population: the identical operator at the identical array index in PTC- no-trigger isoforms, where readthrough at a normal stop has no NMD consequence. The operator, the index, the padding and the composition change are all held fixed across (3); only the mechanism differs, which is exactly what a composition artifact cannot imitate.	The paired per-isoform D at +4 falls inside the interquartile range of the frame-matched control positions, AND the PTC+ versus PTC- no-trigger difference in signed D has a gene-clustered bootstrap CI containing zero, AND there is no ordering by observed stop identity. That is a clean negative: the model encodes where the stop is but not how efficiently it terminates, and termination context is not part of what it discovered.	hours
R2-conditional-content-2	R2	conditional-content	Pyrimidine (CU) tracts in the proximal 3'UTR protect a PTC from decay	A >=20 nt pyrimidine-rich tract (>=15 of 20 C+T, containing a UCUU/CUCU core) located between stop+10 and stop+200 — i.e. inside the region the supplied parse defines as 3'UTR and inside the stop window's unpadded downstream half.	For each PTC+ isoform carrying a qualifying tract: 20 independent Altschul-Erikson dinucleotide-preserving shuffles of the 20-nt tract, plus 20 mononucleotide shuffles (which additionally destroy stacking), each scored against the unshuffled baseline through the same channel-5 recomputation path. Before any scoring, enumerate the number of distinct valid arrangements per tract and drop any tract with fewer than 8 — the 3-mer version of this operator died because it was the identity map, and that failure mode must be excluded by counting arrangements rather than assumed away; at 20 nt it is not degenerate, but that has to be shown per tract, not asserted. In parallel, apply the identical shuffle to a GC-matched, pyrimidine-matched, stop-distance-matched decoy block elsewhere in the same isoform's 3'UTR. Same run as hypothesis 3, which adds two further arms at the same blocks.	The within-isoform decoy block is the primary reference: same isoform, same window, same padding, same GC, same pyrimidine fraction, same distance from the stop — only the arrangement class differs. The shuffle-to-shuffle spread across the 20 draws is the method's own noise floor and is measured per tract rather than assumed. The PTC- no-trigger stratum is the matched population: identical element, identical operator, no mechanism for it to act through.	The paired D (tract minus decoy) has a median inside the shuffle-to-shuffle noise, or is statistically indistinguishable between PTC+ and PTC- no-trigger isoforms. Either outcome says the model carries no arrangement-specific 3'UTR RBP signal and that whatever the 3'UTR contributes is compositional — which is hypothesis 3 winning.	day
R2-conditional-content-3	R2	conditional-content	Post-stop GC composition, not arrangement, drives susceptibility — and only downstream of the stop	The G+C fraction of 20-nt blocks in stop+10..stop+200, contrasted against those same blocks' base arrangement; and the same quantity at a GC-matched block upstream of the stop inside the stop window's CDS half.	Third and fourth arms of the hypothesis-2 run. Arm 3: transition recode (A<->G, C<->T) of the 20-nt block — this preserves the purine/pyrimidine string exactly and flips GC at every position, so it is the exact complement of the shuffle operator, which preserves composition and destroys arrangement. Arm 4: the identical recode applied to a GC-matched block upstream of the stop inside the stop window's CDS half, gated per isoform on the ORF being long enough that the midpoint clip does not bind. Additionally contrast the mono-shuffle against the di-shuffle arms of hypothesis 2 to separate a stacking/structure term from a mononucleotide-composition term without needing a folding package.	The upstream block in the same isoform, at matched absolute distance from the stop and matched observed GC, holding operator, isoform, window, padding and magnitude of composition change fixed and varying only which side of the supplied stop the block sits on. Reported alongside: the hypothesis-2 shuffle arms at the identical blocks, which give the identity-versus-composition reference; and the shuffle-to-shuffle spread as the floor.	A_iso straddles zero — the GC effect is positionally uniform, i.e. a model-wide composition artifact with no relation to the supplied stop. Alternatively, if the composition-preserving shuffles move the logit as much as the recode does, the signal is arrangement and hypothesis 2 wins instead. Both are decidable from the same run.	day
R2-conditional-content-4	R2	conditional-content	EJC-footprint sequence at -24..-20 of the first triggering junction	The 12 nt centered at -22 relative to the first exon-exon junction more than 50 nt downstream of the supplied stop, in mature-mRNA coordinates — the canonical eIF4A3 footprint. Explicitly not the junction itself: no block in this design comes within 7 nt of it.	20 dinucleotide-preserving shuffles of the footprint block, against the identical shuffle of blocks centered at -46, -34 and +12 relative to the same junction (all >=7 nt away from it), and against the same block offsets around a decoy position >=100 nt from any junction, matched on distance from the stop and on GC. The 7 nt exclusion zone means the exonic halves of the 5'ss and 3'ss consensus are never touched, so this cannot become a splice-site probe. Secondary arm: does the effect decay with the block's distance to the junction, and does it exist only when a junction mark lies within the 42 nt receptive field of the block?	Within-isoform decoy blocks matched on distance-from-stop and GC (these control for the fact that distance from the stop is itself expected to matter, per hypothesis 5); the -46/-34/+12 blocks around the same junction give a distance profile with the junction held fixed; the shuffle-to-shuffle spread is the method floor.	Footprint D indistinguishable from the -46/-34/+12 blocks and from the stop-matched decoy, at a power sufficient to exclude effects at the measured per-isoform scale. That negative is worth having on its own: it bounds sequence-encoded EJC occupancy at below what an AUPRC-0.835 NMD model can resolve, and supports the standard position that deposition is position- rather than sequence-determined.	day
R2-conditional-content-5	R2	conditional-content	The discoverable content is concentrated in the termination zone, not spread over the 3'UTR	A positional relation: the distance from the supplied stop at which composition-preserving sequence perturbation stops changing the decay call. Predicted to be concentrated in stop+1..stop+50 with a shoulder, rather than uniform over the 3'UTR.	Tile stop+1..stop+500 in 42 non-overlapping 12-nt blocks; 20 dinucleotide-preserving shuffles per block, arrangement count checked per block; per-isoform gating before any aggregation. Pre-registered calibration, decided before the run: the scan must recover the stop+1..+12 block — which contains the hypothesis-1 element — as top-ranked in the PTC+ stratum. If it does not, the scan lacks the sensitivity to discover anything new and is abandoned rather than mined for whatever survives. Enrichment step afterwards: k-mer composition of top-decile versus bottom-decile blocks, matched WITHIN isoform on GC and on distance from the stop, adjudicating CU-rich (PTBP1), GA-rich, GU-rich, DRACH, and Alu-consensus k-mers against that matched null.	Within isoform, each block is referenced to other blocks in the same isoform matched on GC and on padding status, so the comparison never crosses isoforms. Shuffle-to-shuffle spread is the floor. The PTC- no-trigger stratum is the population reference and its profile should be flat and small; if it is not, the profile is a property of 3'UTR sequence in general and not of susceptibility.	The fraction of isoforms whose maximum block effect lies within 50 nt of the stop is no greater than the uniform expectation from the number of blocks in that zone, AND the k-mer enrichment of top- versus bottom-decile blocks is null after within-isoform GC and distance matching. Also refuted, in a different and more useful way, if the calibration fails — a scan that cannot re-find a known effect does not get to report an unknown one.	days
R2-sibling-contrast-1	R2	sibling-contrast	The stop-to-junction distance relation is computed from channel 4, and its threshold is biological (~50 nt) rather than architectural (42 nt)	An exon-exon junction lying more than ~50 nt 3' of the termination codon — the RELATION between the supplied stop and the supplied junction marks, plus its dosage (marks beyond the first). Not the junction's position, which is supplied.	Composition-invariant channel-4 translocation. Operator T_delta moves ONE junction mark from downstream offset d to d' = d +/- delta inside the stop window, leaving channels 0-3, 5, 6-8 and all five tabular numbers bit-identical. This is the only operator in the project with a PROVABLY null composition confound: a junction mark never enters compute_rolling_gc (data_prep.py:97 reads only G/C from channels 0-3), so channel 5 is unchanged exactly, not approximately. Sweep d over 1..200 at delta in {10,25,50}, two arms: CROSSING (d <= 50 < d' or d' <= 50 < d) and NON-CROSSING (both >50, or both <=50). Dose-response Delta-logit(d) at fixed mark count locates the step. Dosage arm: add k marks at d>50 with the tabular n_downstream_ejc HELD at its true value, so the count change is sequence-only. MANDATORY INSTRUMENT GATE before any null is reportable — a forward hook records each of the 32 conv2 channels' argmax index; the branch output is fc(per-channel max), so a perturbation whose 42 nt receptive field contains no channel's argmax is EXACTLY null by construction. That is almost certainly what the reported AUG->CCC median of 0.00000 is: an exact zero cannot arise from a real change propagating through float32, so it is a dead instrument, not a null effect. Score such isoforms NOT MEASURED, never 0. Predicted liveness lies between ~4% (all 32 argmaxes coincident) and ~74% (argmaxes independent-uniform over 250 pooled positions with a ~10.5-position RF footprint); the already-measured 9x dilution implies ~11%, which this gate tests directly.	PRIMARY: the non-crossing translocation of identical magnitude, same isoform, same mark, same mark count, same window. Every marginal — nucleotides, GC, frame, junction count, all five tabular numbers, the other slots' inputs — is identical; only the relation to the 50 nt boundary differs. This is the general recipe for a relation claim: TRANSLOCATE, never delete, because deletion changes a marginal (the count) while translocation changes only the relation. SECOND: the mirror translocation by the same delta in the 5'-of-stop half of the stop window, where NMD biology says junctions are irrelevant. NULL SUPPORT: the permutation ensemble of all within-window translocations of magnitude delta that do not cross the threshold — an empirical null over the actual reachable edit set, not a Gaussian. POSITIVE CONTROLS that must fire or the instrument is broken: (i) set tabular n_downstream_ejc to 0 on PTC+ isoforms — must be large, given the measured 61.0%/64.4% within-structural share; (ii) delete every channel-4 mark in the stop window with the tabular held at truth — if this is null, the sequence-side junction channel is inert and every H1 null is explained by that rather than by the relation; (iii) swap the whole stop window between an NMD+ and an NMD- isoform matched on n_downstream_ejc and padding extent — must move, since the two sequence branches carry 22-41% of displacement.	Delta_crossing indistinguishable from Delta_non-crossing at matched delta WHILE positive control (ii) is non-null (channel live) refutes the hypothesis: the model does not compute the relation from sequence and n_downstream_ejc does all the work, so the ~43% is not reconstructable. A step at 40-44 nt instead of 48-56 nt refutes the biological reading in favour of the receptive-field reading. Equal response in the mirror arm refutes 'relation' in favour of 'junction density anywhere in the window'. Flat dosage arm refutes multi-EJC additivity.	hours
R2-sibling-contrast-2	R2	sibling-contrast	Stop codon identity at a PTC: UGA versus UAG by composition-exact transposition	The identity of the termination codon at a premature stop — specifically UGA versus UAG, reached by transposing the single purine within the codon (TGA <-> TAG).	Transposition operator X(Y,Z) -> X(Z,Y) on the in-frame codon at the stop-window centre (indices W/2-1, W/2, W/2+1, verified 100%). TGA <-> TAG is composition-exact: the mononucleotide multiset is unchanged, so the rolling-GC channel changes at exactly TWO window positions (i2-25 and i2+26 of the 51-base centred support of GC_ROLLING_WINDOW=50) instead of the ~51 positions any single-base substitution moves — a ~25-fold reduction of this project's dominant confounder, and checkable arithmetic rather than an assumption. Frame channels 6-8, channel 4 and all five tabular numbers are bit-identical, and the codon remains a stop, so the supplied parse is untouched. TAA is a FIXED POINT of the operator and is excluded by construction; the TAA arm is reachable only under a composition-changing operator whose control reference is already measured non-null (G_vs_notG control |t| median 5.79), so it is not claimed. Created-motif algebra, enumerated over all 64 codons: the only in-frame codons whose transposition yields a stop are the stops themselves (TAG<->TGA, TAA->TAA). In-frame created-stop exclusion is therefore VACUOUS for the control codons — unlike base substitution, where the created-motif rate is 8.7-23.6% and is frame-offset dependent. Only out-of-frame ATG creation over the +/-2 flank needs excluding; report the rate. Both directions are measured per isoform (observed->other and other->observed); their sum is the operator's own no-op and is the reported method floor. Liveness gate from H1 applies unchanged.	WITHIN ISOFORM: the identical transposition applied to every frame-matched in-frame non-stop codon in the same window whose positions 2 and 3 differ — ~150-300 control codons per isoform under a map that is literally the same function, at the same GC-invariance, with a vacuous in-frame exclusion. That is a far cleaner control bank than the 37 frame-matched single-base controls, whose best operator (A_vs_T) still has control |t| median 1.00 and 73% same-signed. ACROSS POPULATION: the same operator at the same anchor in the 15,765 'PTC- no trigger' isoforms. This is the DiD reference and it cancels every confounder acting equally on both classes, including the model's generic 'the window centre is a stop codon' feature and any window-geometry effect — which is exactly the failure mode that produced the two false Kozak negatives.	Delta(PTC+) approximately equal to Delta(PTC-) refutes it: stop identity is then not an NMD-specific determinant here even if it moves the logit. Delta falling inside the within-isoform control-codon reference distribution refutes it as a stop-specific effect at all. A POSITIVE sign (TGA more NMD-susceptible than TAG) refutes the readthrough reading and would instead support the slow-termination reading, which predicts the opposite — so the pre-registered direction can genuinely fail rather than being unfalsifiable in sign.	hours
R2-sibling-contrast-3	R2	sibling-contrast	Kozak strength of an upstream PTC-bearing ORF sets its initiation efficiency and therefore its trigger competence	The -3 purine of an UPSTREAM ORF's start codon — the Kozak context of the uORF/oORF, not of the main ORF.	A_vs_T single-base substitution at -3 of the slot's ATG window, channel 5 recomputed over the filled extent. A_vs_T is the ONLY operator whose control reference approaches a null in this model — measured control |t| median 1.00 with 73% same-signed, against 3.65 (purine), 4.30 (G_vs_C), 5.66 (GC_vs_AT), 5.79 (G_vs_notG), all of which are 100% same-signed at control positions and are therefore the composition gradient rather than a reference. Note that being GC-matched is NOT sufficient: G_vs_C is GC-matched and its control reference is 4.30, so 'GC-matched' cannot be assumed to imply 'null support' and must be measured per operator. Apply at the slot flagged as the most-upstream PTC-bearing ORF by build_mechanism_classes' `up` matrix, NOT at slot 0. Three populations, one operator, and the 37-position frame-matched control bank recomputed inside each: (a) upstream PTC-bearing slot in the 5,913 'PTC- uORF-PTC' isoforms; (b) upstream non-PTC slot in the 15,765 'PTC- no trigger' isoforms; (c) the 6,097 isoforms where the FULL ORFik scan finds an upstream PTC ORF but the five slots do not (fullscan_upstream_ptc & ~slot_up, already on disk). Stratify (a) by uORF (5,287) versus oORF (626). Liveness gate applies: report the fraction of isoforms in which -3 falls inside the receptive field of any conv2 argmax — a null measured at 0% liveness is an instrument state, not a biological null, and this project has twice mistaken a confounder for a negative.	Population (c) is the strong one and is only constructible because the full 1,540,674-ORF scan is on disk: it is matched on carrying a TRUE upstream PTC ORF and differs from (a) only in whether the model can see it. No biological confounder distinguishes (a) from (c); only model visibility does. Population (b) is matched on slot geometry and differs in trigger status. The uORF/oORF split is a second matched reference built into the class definition: their marginal NMD+ rates are 12.6% and 12.8%, so a differential SENSITIVITY between them cannot be a prevalence artifact. Method reference is the 37 frame-matched control positions; magnitude reference is the same bank's median.	Equal Kozak sensitivity in (a) and (b) refutes trigger competence as the mechanism. Equal sensitivity in (a) and (c) refutes any uORF-specific reading — the response would then be to slot geometry, not to the uORF. Absence of an oORF/uORF gradient refutes the reinitiation-rescue distinction; state the honest prior that the identical marginal rates (12.6% vs 12.8%) are already evidence AGAINST that gradient in this dataset, so this arm is the one expected to fail. If nothing exceeds the population's own control bank on sign-reliability, the claim dies — magnitude alone is insufficient, since Kozak scored only 1.07x control on magnitude.	day
R2-sibling-contrast-4	R2	sibling-contrast	An AAUAAA hexamer 3' of the stop reduces susceptibility, tested by a permutation that leaves the GC channel bit-identical	The poly(A) signal hexamer AAUAAA located within a few hundred nucleotides 3' of the termination codon.	Composition-exact permutation of an A/T-only hexamer. AAUAAA has exactly 6 distinct permutations (enumerated), all A/T-only, so LOSS is AATAAA -> one of the 5 non-functional rearrangements and GAIN is an existing A/T-only hexamer -> AATAAA. Permuting A and T moves no G and no C, so channel 5 is BIT-IDENTICAL everywhere — an exactly composition-invariant MOTIF operator, which no base-substitution operator in this project achieves and which the dead 3-mer dinucleotide shuffle failed to be (that failure was specific to 3-mers, which have exactly one valid arrangement; a 6-mer does not). Channels 4 and 6-8 and all five tabular numbers are untouched. Exclusions: the permutation can create or destroy TAA in any frame, since TAA is A/T-only; the in-frame case is downstream of a stop and mechanically irrelevant but the model carries frame channels, so exclude and report in-frame and out-of-frame rates separately. Distance response: repeat the GAIN operator at 20, 50, 100, 200 and 400 nt downstream of the stop in the same isoform. Liveness gate applies; a 6 nt edit spans a 42+6 nt receptive field, so liveness should be measurably higher than for a single-base edit, and that difference is itself a check that the gate is behaving.	WITHIN ISOFORM: the same permutation applied to A/T-only hexamers at matched distance from the stop that are NOT the transcript's terminal signal (decoys), and to A/T-only hexamers in the 5'-of-stop half of the stop window. ACROSS ISOFORM: matched on distance-to-transcript-end AND on the stop window's PADDING EXTENT — this second matching is essential and is the trap the design exists to avoid, because the padding boundary in the stop window's downstream half is an exact readout of 3'UTR length and would otherwise supply the answer the motif is being credited with. The operator's own no-op (permuting a hexamer to itself) is the method floor.	No distance dependence; loss and gain not antisymmetric; the same effect at decoy hexamers; or the effect disappearing once matched on padding extent — the last would show the model is reading 3'UTR length off the padding boundary rather than reading the motif, which is the specific spurious explanation this design is built to exclude.	day
R2-sibling-contrast-5	R2	sibling-contrast	3'UTR length as an EJC-independent trigger, separated from the window's padding boundary	The stop-to-3'-end distance — the amount of sequence 3' of the termination codon, the EJC-independent counterpart of the >50 nt junction relation.	Filled-extent extension built from the isoform's own sequence. The stop window's downstream half carries real sequence to the transcript end and zeros thereafter, so the padding boundary is an exact readout of 3'UTR length up to W/2. Operator E extends the filled extent by L nucleotides using a dinucleotide-preserving shuffle of the isoform's own downstream window sequence, continuing the channel 6-8 frame periodicity and adding NO channel-4 marks; block length is >= 50 nt, so the 3-mer identity-map failure does not apply. Matched control C replaces an equal-length INTERNAL stretch with the same shuffled sequence WITHOUT moving the boundary. E minus C isolates 'the 3'UTR got longer' from 'the sequence content changed' — this is the length analogue of H1's translocate-don't-delete rule: change the relation while every marginal, here nucleotide composition and the number of edited bases, is held. Third arm: apply E at the ATG window's 5'-side edge, where the same instrument-level boundary move occurs and no NMD length rule exists. L in {50, 100, 200, 400}. The liveness gate is load-bearing here for a specific reason: global max pooling discards absolute position, so the branch can detect the PRESENCE of a padding boundary but not its location, which makes a graded response architecturally implausible. Pre-register binary-not-graded; if a graded response appears, that is the finding and it means position survives pooling in a way the architecture analysis says it should not.	C — the same content change with no boundary move, inside the same isoform, same shuffled block, same edit length. And the 5'-side application of E, which has the identical instrument-level effect (a boundary moves, a shuffled block appears) with no NMD mechanism attached. Between them these two references absorb the two spurious explanations: 'the model responded to new sequence' and 'the model responded to a moving padding edge'. The population reference is PTC+ versus PTC- no trigger, which tests the saturation prediction as a DiD.	E approximately equal to C at every L refutes it: the model has no length-relation representation, and the class's 2.2% NMD+ is not sequence-explained. E significant on the 5' side too shows the response is to the padding boundary as an artifact rather than to 3'UTR length. A clean graded response refutes the pre-registered binary prediction and demands an architectural explanation before it can be read as biology. Equal magnitude in PTC+ and PTC- refutes saturation and argues the two triggers are independent rather than redundant.	day
R2-controls-1	R2	controls	H1 — Susceptibility is written in the proximal termination environment, and it is transplantable between same-parse siblings	The proximal 3′ termination environment: the ~150 nt immediately downstream of the stop codon (stop-anchor window indices 502–651 at W=1000), treated as a transplantable interval of nucleotide sequence. The claim is that this interval, and not the start-codon environment, carries the sequence difference between label-discordant siblings that share a parse.	PAIR SET (the design core; H2–H5 reuse it). (1) Universe = the 41,765 HDF5 isoforms; drop category=='no_ref_isoform' (2,334 — label deterministic by construction, brief §4) and the 278 '::' fusion ids (ambiguous gene membership). (2) Group by gene_id from ref_cds_features.tsv, which covers ENST-named and ENSG-named isoforms alike (12,613 genes). (3) Require slot 0 (orf_rank==0) to be the reference-AUG-traced ORF in BOTH siblings (is_ref_cds==1): this is literally supply-the-parse — both siblings are read at the same annotated start, so nothing in the contrast is about which ORF was picked. Measured availability: 28,723 isoforms, 3,076 label-discordant genes, 13,895 all-vs-all pairs. (4) Pre-registered matching ladder, all tiers reported: T1 all discordant (13,895 pairs/3,076 genes); T2 + same slot-0 n_downstream_ejc (2,449/849, 17.6% — reconcile against the brief's 21.9% before use, the difference is universe definition); T3 + both siblings have ≥1 downstream junction (384); T4 + stop-to-first-junction distance straddles 50 nt (111 pairs/72 genes). (5) ONE PAIR PER GENE, selected label-blind and model-blind by minimizing ‖(Δfrac_start, Δfrac_stop, Δn_downstream_ejc, Δlog tx_length)‖; the gene then IS the unit, which is what the gene-clustered bootstrap (VIF 5.47) would have cost anyway. (6) Family capping: exclude paralog-holdout genes (paralog_genes.tsv, val_paralog_genes.tsv); assign genes to families by paralog table + symbol root; cap each family at 1% of pairs; report the top-10 families' pre-cap share and a leave-one-family-out range. This matters specifically here — AS-NMD autoregulation (SRSF1–7, HNRNPs, TRA2B poison exons) is exactly the biology that manufactures within-gene label-discordant siblings, so an uncapped pair set is expected to be family-skewed and 'a discovered element' could be one family's sequence. (7) Genes never span chromosome splits, so pairs are within-split by construction; use all data, report test-only as sensitivity (per project rule, only performance metrics are test-only).  OPERATOR. Index-aligned reciprocal transplant. Both siblings' stop windows are anchored on the stop's middle base, and I verified in the HDF5 (1,000 valid ORFs, w1000, zero disagreements on shared support) that channels 6–8 are an anchor-locked period-3 phase grid identical for every ORF in both windows — so an index-aligned transplant preserves them automatically and no frame mismatch can be introduced. Transplant ONLY channels 0–3 from sibling B into sibling A over a tiling of 50 nt intervals (150 nt coarse pass first) spanning both windows; leave channel 4 as A's (the parse stays A's — 'supply the parse, swap the content'); recompute channel 5 over the filled extent exactly as measure_position_bank.py:recompute_gc does. Score all 5 members, both configurations. SATURATING ARM, run first: transplant the whole downstream half, the whole stop window, the whole ATG window, and separately the 5-number tabular block, to bound the TRANSPLANTABLE FRACTION — the ceiling for every other hypothesis in this fan-out.  DECOMPOSITION. Report each effect twice: native g(Σ α_r e_r), and the classifier-inside-the-mixture form Σ α_r g(e_r) (brief §3: costs 0.0008 AUC, no retraining, makes selection-vs-verdict exact). This separates 'the element changed this slot's verdict' from 'the element changed which slot the model listens to'.	Three references, one per failure mode named in brief §7.1. (i) Other positions: for every interval, the same-length interval at the mirrored distance on the 5′ side of the SAME anchor, transplanted between the SAME two siblings — same pair, same amount of sequence changed, same composition-change regime. (ii) Matched population: the sibling itself — the pair is the matched population, which is the reference that failed when 'restricting to long transcripts' changed the Kozak estimate 3.2×. (iii) Method noise floor: the identical-sequence transplants, which are exact no-ops, plus the no-op re-substitution arm in every batch. A fourth, composition-specific: a same-length interval matched on |ΔGC| between the pair, because brief §7.2 says composition dominates identity and a transplant moves composition by construction.	A flat profile — no interval beats its mirrored control in the per-gene median; or a peak in the ATG window rather than downstream of the stop; or a transplantable fraction near zero while the tabular-block transplant alone closes the gap. That last outcome says the same-parse discordance is not sequence-resident at the model's resolution at all, which is a clean negative and the honest ceiling statement for the entire discovery program. Reciprocity is also a refutation channel: the two transplant directions must be opposite in sign and comparable in magnitude; a one-sided effect is a sequence-quality artifact (e.g. B's sequence is simply more padded or more GC-extreme), not an element.	hours
R2-controls-2	R2	controls	H2 — The stop-to-first-downstream-junction distance is the element, and the model's threshold is set by the receptive field, not by 50 nt	d1 — the interval in nucleotides between the stop codon and the nearest downstream exon–exon junction. A RELATION between two supplied landmarks, not the location of either. This is the ~43% of the decision currently handed to the model as n_downstream_ejc.	JUNCTION-MARK SLIDE. For every isoform with a slot-0 downstream junction (7,912 ref-anchored isoforms, measured), move the FIRST downstream junction mark in channel 4 of the stop window from its true index to d ∈ {3, 6, …, 300}, in 3 nt steps so the mark's codon phase against the anchor-locked frame grid is held constant (plus a separate ±1 nt phase probe to measure whether phase matters at all). Hold constant: the number of marks in the window, the tabular n_downstream_ejc at its true value, and every nucleotide. THIS OPERATOR CHANGES COMPOSITION BY EXACTLY ZERO — channels 0–3 and 5 are untouched by construction — which removes the confound that brief §7.2 says has dominated every previous positional measurement here, and it does so by construction rather than by matching. Fit each isoform's step location from the maximum of a smoothed first difference. ESCALATION if it comes out flat: retrain with the tabular block reduced 5→4 by DELETING the n_downstream_ejc column (an input-dimension change, explicitly not the dead 'naive zeroing' operator, which leaves a weight with identically zero gradient). PAIRED ARM (confirmatory, not headline — it is underpowered and I measured exactly how much): T4 pairs, 111 pairs across 72 genes, where the two siblings share slot-0 n_downstream_ejc but their d1 straddles 50 nt; test whether the within-pair sign of Δlogit follows the straddle direction, by sign test over the 72 genes.	(i) The same slide applied to the SECOND downstream junction mark, which crosses no threshold and must be flat — same channel, same operation, same isoform. (ii) The same slide applied to a junction mark in the ATG window relative to the AUG anchor, where no such biological rule exists. (iii) A phantom-mark arm: add a mark at the same d values in isoforms with n_downstream_ejc==0, testing whether the window's mark alone produces the effect while the tabular count disagrees — this separates 'the sequence window computes the relation' from 'the window modulates a decision the tabular feature already made'. (iv) Noise floor: the d-equals-true-position arm is an exact no-op.	Flat curves; amplitudes at the method floor; or an inflection located at the window edge rather than near 42–50 nt, which would mean the model counts marks inside the window rather than measuring distance — distinguishable because the slide holds the count constant. Any of these says the relation carrying ~43% of the decision is NOT recoverable from sequence at this architecture. That is the negative Pete's narrower argument is built to be able to return, and it is the strongest available justification for the one retrain worth running.	hours
R2-controls-3	R2	controls	H3 — The stop tetranucleotide modulates susceptibility at a fixed parse, and only where the stop is EJC-triggering	The stop tetranucleotide: stop codon identity (TAA/TAG/TGA) plus the immediately 3′ base — the readthrough/termination-efficiency context of a stop whose location is supplied.	Two composition-exact operators, applied within the SPS pair set from H1 and read as a within-pair difference-in-differences. (1) TAG ↔ TGA IS AN ANAGRAM — the same multiset {T,A,G} — so channel 5 is invariant by construction and mononucleotide composition is exactly untouched, while codon identity and dinucleotide content change. State explicitly that this is NOT the dead dinucleotide-preserving 3-mer shuffle (which is the identity map on all 64 3-mers); it is a named permutation, chosen because it happens to be composition-exact. TAA is run as a third arm with its one-base GC change declared. (2) The +4 base under G_vs_C and A_vs_T — the two GC-matched operator classes already measured to have a control reference approaching null (control |t| median 1.00 for A_vs_T against 5.79 for G_vs_notG). Created-motif exclusion as already implemented in measure_position_bank.py, with its known frame-offset asymmetry (23.6% vs 8.7%). INTERACTION ARM, which is the real test: apply the same operator to a slot whose stop has a downstream junction and to a different slot in the SAME isoform whose stop does not. That contrast is isoform-matched, so everything that differs between transcripts cancels.	The identical anagram permutation applied to the two codons immediately 3′ and the codon immediately 5′ of the stop — frame-matched, same permutation, composition change of exactly zero, same created-motif screening. Plus the existing 37-position frame-matched control bank (19 upstream, 18 downstream) for the +4 operators. Population reference: the non-triggering slot in the same isoform. Method floor: the observed-base no-op arm in every batch.	TAG and TGA indistinguishable beyond the frame-matched controls at every stratum; no +4 effect under either GC-matched operator; or — most informative — a main effect with NO dependence on the slot's PTC status, which would say the model has a generic sequence preference at the stop anchor rather than a representation of termination. The observational arm is thin by construction and I measured it: only 410 same-EJC-count discordant pairs across 212 genes differ in slot-0 stop identity, so it is declared confirmatory in advance and cannot rescue a null causal arm.	hours
R2-controls-4	R2	controls	H4 — A polyadenylation signal close downstream of the stop suppresses the verdict; the element is the hexamer and its distance from the stop	The canonical polyadenylation signal AAUAAA/AUUAAA occurring within the stop window's downstream half, and the stop-to-PAS distance. A discrete 6-mer with an exact composition-preserving control (its own anagram).	ANAGRAM-CONTROLLED HEXAMER SWAP. At offsets δ ∈ {30, 60, 120, 240, 480} nt downstream of the slot-0 stop, replace the native 6 nt with (arm 1) AATAAA or (arm 2) a fixed non-PAS permutation of the same letters, e.g. ATAAAA. Both arms overwrite the identical native 6 nt and have identical mononucleotide composition, so the arm1-minus-arm2 contrast is composition-exact and channel 5 is bitwise identical between arms — the composition confound is removed by construction rather than by matching. DESTRUCTION ARM: in isoforms carrying an annotated proximal PAS inside the window, permute the native hexamer to its non-PAS anagram; PAS annotations already exist in the pipeline (SQANTI polyA_motif / polyA_dist, joined by 09_export_polya.py). OBSERVATIONAL ARM: within SPS pairs, Δ(polyA_dist) versus the label direction — these pairs are generated by alternative last exons and APA, which is exactly the natural experiment. INTERACTION ARM: the same insertion in isoforms whose slot-0 stop has NO downstream junction, where poly(A) proximity should be mechanistically irrelevant.	Primary: the anagram arm at the SAME site in the SAME isoform — mononucleotide-exact, so this is the strongest matched reference available in this project and it is available only because the element is a motif with non-functional permutations. Secondary: the same insertion into non-triggering-stop isoforms (population reference). Tertiary: insertion at δ beyond the window's reach is impossible, so the far-δ arm serves as the distance null. Floor: overwriting the native 6 nt with itself is an exact no-op.	PAS and its anagram move the model identically at every δ, i.e. the model does not encode poly(A) proximity despite having the input to learn it — a clean, interpretable negative about a real determinant. Stated caveat that bounds this hypothesis up front: I measured the median 3′UTR length in the ref-anchored slot-0 population at 1,339 nt, while the W=1000 stop window reaches only +500 — so the NATIVE PAS is outside the model's view for most isoforms. The insertion arm is therefore primary, the destruction and observational arms are restricted to short-3′UTR isoforms, and W=2000 (+1000 nt of reach) is the pre-registered sensitivity configuration. If the effect exists only at W=2000, that is a statement about window width, not about biology, and must be reported as such.	hours
R2-controls-5	R2	controls	H5 — uORF initiation efficiency: Kozak strength at a competing upstream start decides whether that ORF's stop is treated as a trigger	The −3 purine and +4 G at the start codon of a NON-slot-0, upstream ORF — the initiation-efficiency context of a competing ORF whose position is supplied.	A_vs_T at −3 and G_vs_C at +4 applied to the ATG window of UPSTREAM ORF slots (never slot 0), on the H1 SPS pair set restricted to pairs whose slot-0 parse is identical and whose 5′UTR content differs. Stratify by three variables that are already known or suspected to move the sign: (a) the perturbed slot's own PTC status (already measured: +0.0087 where the perturbed slot's stop is EJC-triggering vs −0.0001 where it is not, at matched attention); (b) the slot's attention weight (already measured to reverse: +0.0058 middle tercile, −0.0024 top); (c) uORF class from mechanism_classes.tsv — 5′UTR-terminating uORF vs out-of-frame oORF, 89.4%/10.6% of the visible upstream-PTC population. Created-AUG exclusion at −3 (known 4.0% rate) as already implemented. Competition arm: repeat for the 5′-most upstream ORF versus one lying downstream of a stronger-Kozak competitor, which tests scanning order rather than motif presence.	(i) The identical operator at slot 0's −3/+4 in the same isoforms — same window type, same anchor-relative index, different slot: an internal control that holds isoform, composition regime, and created-motif regime fixed. (ii) The 37-position frame-matched control bank rebuilt inside the perturbed slot's own window (frame matching is load-bearing: exclusion rate 23.6% vs 8.7% across codon offsets). (iii) Population reference: the sibling. (iv) Floor: the observed-base no-op.	No ordering across the three strata; or an effect indistinguishable in size from slot 0's, meaning the model treats every slot's start context identically and initiation efficiency is not represented; or an effect that survives only in the pooled estimate and vanishes in every stratum, which would mean the pooled number was averaging opposing populations, as already happened for the −3 attention terciles. Two hard ceilings stated in advance rather than discovered later: (a) without ribosome profiling the only ground truth for which ORF is translated is GENCODE traced through the isoform, so a positive result reads as 'predicts the annotated/scanned parse', not 'predicts ribosome selection'; (b) half the true upstream-PTC population is invisible to the model (12,010 in the full scan vs 5,913 in the slots) and the invisible half is the weak half (3.9% vs 12.6% NMD+), so any estimate is biased toward strong triggers and the negative direction cannot be claimed for weak ones.	day
ARCH-query-key	ARCH	query-key	SCANFLUX — sequential capture of ribosome flux (stick-breaking aggregator with reinitiation deposits)	architecture design	SHAPES. B=batch, K=10 (raised from 5; no parameter depends on K), C=9, W=500 (selected config atg500_stop500).  New per-slot data tensors, all derived at data-prep time and all sorted with the slots:   orf_mask       (B,K) bool   reinit_target  (B,K) int64 in [1..K]; p_i = index of the first KEPT candidate whose AUG lies 3' of ORF i's stop; K means "escapes the pool"   reinit_gap     (B,K) float32; d_i = s_{p_i} - e_i in nt, computed against the FULL ORF scan's AUG set (true intercistronic distance), 0 if escaping   orf_len        (B,K) float32; len_i in nt   n_skip_scan    (B,K) float32; coun	SEVEN OBJECTS, all directly inspectable, none requiring an attribution method.  1. THE INITIATION PWM (4x15), plotted as a logo. Validated against three matched references: an MLE PWM over GENCODE annotated starts in the same transcripts (annotation-supervised); a decoy PWM from the identical architecture with the slice recentered on the +30 codon, frame-matched, five members, which establishes th	F3 IS THE PRIMARY AND IT IS ONE CONTROLLED COMPARISON. Replace the recursion with a plain masked softmax over the SAME f_logit — identical parameters, identical inputs, identical noisy-OR head, order discarded — and retrain five members. If that variant matches SCANFLUX in AUC to within the across-member spread AND its PWM differs from SCANFLUX's by less than the across-member PWM spread, then ord	retrain+build
ARCH-stick-breaking	ARCH	stick-breaking	SCAN-2F — competitive scanning selection x per-ORF verdict, combined as a convex mixture under a many-rounds link	architecture design	Per transcript, K masked-in slots plus one escape slot eps. Shapes given for batch B.  INPUTS (what changes vs today) - leader (B,9,L), L=512, transcript nt [0,512). Ch 0-3 one-hot ACGT; 4 junction; 5 window-local rolling GC (same convention as data_prep.encode_window_v5); 6 candidate-AUG mask; 7 candidate-stop mask; 8 in-transcript validity. NEW HDF5 dataset. - init_win (B,K,9,361) = crop of the existing atg_windows at [W/2-300, W/2+61). No new encoding: a slice of what data_prep already writes. - stop_windows (B,K,9,W): unchanged. - orf_start (B,K), orf_end (B,K) int32 nt, tx_len (B,). These	Eight, and the first is the point of the whole design: the decomposition is EXACT by construction. Every prediction is (K+1) explicit products s_r * t_r feeding one scalar link. No Shapley, no completeness error (DeepSHAP's was 129-307% here), no post-hoc attribution at all.  R1 SELECTION VALIDITY. Does argmax_r s_r land on the reference-CDS ORF? Per isoform, test chromosomes, stratified by whethe	PRIMARY. After training, in-silico mutagenesis of the initiation window measured against s_r shows no -3 purine and no +4 G preference above frame-matched, GC-matched control positions, per-isoform gated and gene-clustered bootstrapped. The entire design rests on the claim that giving selection its own sequence encoder, its own competitive comparison, and no annotation shortcut will make initiatio	retrain+build
ARCH-kozak-module	ARCH	kozak-module	SCANQK — causal 5′ scanner query, PWM start-codon key, ribosome-flux selection over an expanded ORF pool	architecture design	**Shapes.** B = batch, K = 12 pool slots, L = 2048 prefix cap, d_s = 24, d_a = 48, W_stop = 500.  **New inputs (HDF5 datasets; all annotation-free).** - `prefix` (B, 6, L) fp32 — transcript positions 0..L−1, channels [A,C,G,T, junction, window-local rolling GC]. **No frame channels** (D45: register is a target, not an input). Zero-padded past `prefix_len`. - `prefix_len` (B,) int64. - `start_ctx` (B, K, 5, 55) fp32 — one-hot A/C/G/T plus a 5th **is-padded** row, at transcript offsets a_r−20 .. a_r+34 where a_r = 0-based index of the A of the AUG (= `orf_start − 1` in the existing tables). Wind	**1. `W_pwm` read directly — the headline discovery object.** 32 position weight matrices over 55 nt (−20..+34, A of AUG at j=20). Convert each to an information-content logo. This is a *parameter*, so there is no method noise floor to establish and no operator to match. Validate against: (i) the unused Isopair PWM scorer and the Kozak consensus (`gccRccAUGG`; −3 at j=17, +4 at j=23); (ii) the 3-l	**Primary.** The competition matrix `C[q,r]` from readout 7 is ≈ 0, or its signs are random, at matched-control magnitude. Abolishing an upstream AUG with a GC-neutral G→C substitution should raise downstream α. If it does not, the two cross-candidate pathways this design was built for (the shared causal scanner and the flux recursion) are not carrying anything, and the model is per-slot scoring i	retrain+build
ARCH-set-attention	ARCH	set-attention	SCAN-SET — a scanning-ordered set transformer over ORF slots, with a selection/verdict information barrier and a convex mixture head	architecture design	Notation: B batch, K slots, d = 32, H = 4 heads, d_head = 8. Existing tensors keep their current names and shapes.  INPUTS PER TRANSCRIPT   atg_windows  (B,K,9,W_a)   unchanged   stop_windows (B,K,9,W_s)   unchanged   orf_mask     (B,K) bool    unchanged   ejc          (B,K,1)       = n_downstream_ejc, the only ORF_FEATURE_COLS entry surviving D45   s            (B,K) int32   NEW: orf_start, 0-based nt   t            (B,K) int32   NEW: orf_end,   0-based nt   ref_slot     (B,) int8     NEW target: slot index where is_ref_cds == 1, else −1  STEP 1 — per-slot encoders. Unchanged, including the f	Seven readouts, ordered by how much each depends on training having worked.  0. INIT-TIME BARRIER COST (no training). See warm_start. Measures how much of the current attention score is termination-side.  1. SLOT-DELETION EFFECT ON THE SELECTION LOGIT — the headline. Operator: set orf_mask[b,r] = False, re-run in EVAL MODE, record Δc_q for every q ≠ r. This is on-manifold (K is native, masking is 	PRIMARY. After training, the slot-deletion effect on the pre-softmax selection logit is null. Concretely: per-isoform median |Δc_q| over upstream deletions < 1e-4 (i.e. at the eval-mode float floor, where the current architecture sits exactly), AND the distribution of Δc_q over upstream deletions is indistinguishable — gene-clustered bootstrap, matched on ORF length and Δstart — from the distribut	retrain+build
ARCH-factorized	ARCH	factorized	BIP-Scan — a bottlenecked log-linear initiation PWM gating a leaky-scanning cascade	architecture design	TENSORS AND SHAPES (B = batch, K = 5 slots, Wa/Ws = ATG/stop window widths; primary run at the config.yaml `selected:` atg500_stop500, replicate at atg1000_stop1000 to sit alongside the brief's measurements).  Existing inputs, unchanged:   atg_windows   (B,K,9,Wa) float32   stop_windows  (B,K,9,Ws) float32   orf_features  (B,K,5)    float32   [frac_start, frac_stop, is_ref_cds, is_sqanti_cds, n_downstream_ejc]   orf_mask      (B,K)      bool  New inputs, all from a sidecar (see ORDERING), all integer, none learned:   orf_start_nt  (B,K) int32   1-based transcript position of the A of the AUG  	SIX READOUTS. The first is the deliverable; the rest are what make it defensible.  R1. THE MATRIX ITSELF — W, gauge-fixed, 4 x 18, read straight out of the state dict.   Validated against three references, in increasing order of how matched they are:   (a) The published Kozak consensus gccRccAUGG. Pre-registered expectation: the two largest       per-position norms ||W[:,p]|| fall at -3 and +4; W[	PRIMARY FALSIFIER, three conditions, all measured on held-out chromosomes across five seeds:  (1) The gauge-fixed W has no per-position norm at -3 or +4 exceeding the 95th percentile of the per-position norms produced by the DECOY ARM (arm C: an identically parameterised 4 x 18 log-linear module reading the same-geometry window around each ORF's STOP codon, fed into the same selection logit, train	retrain+build
ARCH-minimal	ARCH	minimal	SCAN-1 — ordered stick-breaking selection head (leaky scanning with reinitiation) over the existing ORF pool	architecture design	SHAPES. B batch, K=5, W window (1000 at the interpretation tag), C=9, E=32 (seq_embed_dim), D=64 (orf_embed_dim), H=32 (head_hidden).  UNCHANGED, warm-started verbatim (model.py:26-129):   atg_emb  = orf_encoder.atg_cnn(atg_flat)    (Nvalid, 32)   stop_emb = orf_encoder.stop_cnn(stop_flat)  (Nvalid, 32)   struct   = relu(orf_encoder.struct_fc(feat_flat))  (Nvalid, 32)   # struct_fc stays Linear(5→32)   e        = orf_encoder.fusion(cat([atg_emb, stop_emb, struct], -1))  (Nvalid, 64) Scatter e and atg_emb back to (B,K,64) and (B,K,32) on `orf_mask`, zeros elsewhere, exactly as forward() already	Six readouts. All per isoform first, aggregated second (trap 4); all bootstrapped clustered by gene (trap 5, variance inflation 5.47); all reported per member, never pooled across members (test_no_member_pooling); all stratified by the four mechanism classes from `build_mechanism_classes.py`.  1. π (B,5) + π_∅ — the selection distribution, a quantity that does not exist in the current model.    (a	PRIMARY, and it is a matched-architecture control rather than a statistic with an assumed null (trap 8). THE PERMUTED-ORDER ARM: train an identical model with `scan_order` replaced by a random per-transcript permutation. Everything else — parameters, features, recursion, noisy-OR, schedule — is identical; only the claim that the order is 5′→3′ is removed. If the permuted arm reaches the same val A	retrain
ARCH-reinitiation	ARCH	reinitiation	ScanFlux — reinitiation-aware selection by conserved scanning flux	architecture design	SHAPES. B batch, K=12 slots sorted 5'-to-3', C=9 channels, W=500. Inputs: atg_windows (B,K,9,W); stop_windows (B,K,9,W); orf_features (B,K,1) = [n_downstream_ejc] only (D45 withholds the other four); orf_mask (B,K) bool; and three NEW precomputed tensors: reinit_to (B,K) int8, geom (B,K,6) float32, scan_start/scan_stop (B,K) int32 kept for auditing only.  ENCODER (unchanged parameters; forward refactored to return intermediates).   atg_emb_r  = atg_cnn(atg_windows[:,r])      (B,32)   stop_emb_r = stop_cnn(stop_windows[:,r])    (B,32)   struct_r   = ReLU(struct_fc(orf_features[:,r]))   struct_f	Every readout below is per isoform or per slot first and aggregated second (trap 4: cross-isoform averaging at a fixed anchor-relative index cost 9x here), each is bootstrapped clustered by gene (variance inflation 5.47), and each is reported beside a matched reference chosen so that the reference is not null by assumption.  R1. THE REINITIATION CURVE — the headline, and the observable that would 	PRIMARY. rho_hat(d) is flat. Concretely: after training, the fitted return competence shows no monotone dependence on intercistronic distance beyond what the distance-permuted-within-strata control produces (R1), AND Delta_reinit (R5) is not concentrated in the uORF/oORF mechanism classes — in particular it is comparable in "PTC- no trigger" isoforms, where there is no upstream ORF for a return te	retrain+build
ARCH-sceptic	ARCH	sceptic	SUBSTRATE SWAP — selection learned by starving the encoder of annotation, supplied ordering as pool-computed scalars, and register as auxiliary supervision, on the unmodified aggregation architecture	architecture design	TENSORS AND SHAPES (B = batch, K = 12, W = 1000, C = 9, E = 64).  Inputs, unchanged in kind:   atg_windows   (B, K, 9, 1000) float32   stop_windows  (B, K, 9, 1000) float32   orf_features  (B, K, 5)       float32   ← width UNCHANGED, contents replaced   orf_mask      (B, K)          bool New, training-only:   register_target (B, K) int64 in {0,1,2}   register_valid  (B, K) float32 in {0,1}  Forward path — every line identical to model.py as it stands:   orf_emb   = orf_encoder(atg, stop, feats)             # (B,K,64), shared weights, per slot   scores    = attn_score(orf_emb).squeeze(-1)      	Everything below is per isoform and per candidate ORF, joined to `selected_orfs.tsv` (start, stop, PWM, register, whether it is the GENCODE reference ORF) so every number is traceable to a genomic position. The design's whole claim is that its internals are inspectable, so the readout list is the deliverable.  TENSORS EXPORTED (one TSV per member, `--member-seed` respected, `run_suffix` for replic	Four observations, any one of which retires this design in favour of an architectural one. All are pre-registered with their comparators, and all are computed on test chromosomes with gene-clustered bootstrap.  1. ATTENTION IS NOT A SELECTION READOUT. argmax_r attn_r agrees with the GENCODE-projected reference-CDS slot no better than argmax_r pwm_r over the identical pool (paired, per isoform, gen	retrain+build
